molecular weight,molecular formula,strength
160.037175,C6H8O5,3747200.0
196.037175,C9H8O5,35242500.0
200.08373,C13H12O2,6547670.0
204.04226,C11H8O4,37048652.0
206.021525,C10H6O5,40080428.0
206.05791,C11H10O4,36029540.0
208.037175,C10H8O5,40451188.0
208.07356,C11H12O4,30157134.0
210.052825,C10H10O5,35763624.0
210.08921,C11H14O4,30414606.0
212.068475,C10H12O5,30976750.0
214.084125,C10H14O5,25974626.0
218.05791,C12H10O4,37151772.0
220.037175,C11H8O5,49248988.0
220.07356,C12H12O4,39274320.0
222.01644,C10H6O6,48241712.0
222.052825,C11H10O5,47010968.0
222.08921,C12H14O4,39567828.0
224.03209,C10H8O6,55413916.0
224.068475,C11H12O5,42736492.00000001
224.10486,C12H16O4,37564148.0
226.084125,C11H14O5,45148612.0
228.06339,C10H12O6,34322040.0
228.099775,C11H16O5,36355892.0
228.11503,C15H16O2,3883506.0
230.07904,C10H14O6,27973380.0
232.037175,C12H8O5,39489828.0
232.07356,C13H12O4,34622128.0
234.052825,C12H10O5,50179020.0
234.08921,C13H14O4,35876128.0
236.03209,C11H8O6,50996896.0
236.068475,C12H12O5,54296888.0
236.10486,C13H16O4,38580192.0
238.011355,C10H6O7,33811712.0
238.04774,C11H10O6,56989740.0
238.084125,C12H14O5,57489284.0
238.12051,C13H18O4,30665156.0
240.027005,C10H8O7,37235060.0
240.06339,C11H12O6,50997072.0
240.099775,C12H16O5,64043324.0
242.07904,C11H14O6,62852024.0
242.115425,C12H18O5,28084924.0
244.037175,C13H8O5,27568504.0
244.07356,C14H12O4,24806632.0
244.09469,C11H16O6,42639852.00000001
246.052825,C13H10O5,46116584.0
246.08921,C14H14O4,28016444.0
248.03209,C12H8O6,52472148.0
248.068475,C13H12O5,59895680.0
248.10486,C14H16O4,31838736.0
250.011355,C11H6O7,31764064.0
250.04774,C12H10O6,68764896.0
250.084125,C13H14O5,61225256.0
250.12051,C14H18O4,35881900.0
252.027005,C11H8O7,50145284.0
252.06339,C12H12O6,70119864.0
252.078645,C16H12O3,6496484.0
252.099775,C13H16O5,75553240.0
252.13616,C14H20O4,24010090.0
254.042655,C11H10O7,48007368.0
254.07904,C12H14O6,92064432.0
254.115425,C13H18O5,62646780.0
256.058305,C11H12O7,51870728.0
256.09469,C12H16O6,108745736.0
258.052825,C14H10O5,38273516.0
258.073955,C11H14O7,60736904.0
258.11034,C12H18O6,44145512.0
259.995705,C12H4O7,3813073.0
260.03209,C13H8O6,41067224.0
260.068475,C14H12O5,47872524.0
260.089605,C11H16O7,28550278.0
260.10486,C15H16O4,24595656.0
262.011355,C12H6O7,22326754.0
262.04774,C13H10O6,67840592.0
262.084125,C14H14O5,54245612.0
262.12051,C15H18O4,27921608.0
264.027005,C12H8O7,57261128.0
264.06339,C13H12O6,78936816.0
264.099775,C14H16O5,67971976.0
264.13616,C15H20O4,27312830.0
266.042655,C12H10O7,71329584.0
266.07904,C13H14O6,92413816.0
266.115425,C14H18O5,80808160.0
268.02192,C11H8O8,37123976.0
268.058305,C12H12O7,76283512.0
268.09469,C13H16O6,138299760.0
268.131075,C14H20O5,50210148.0
270.052825,C15H10O5,28399056.0
270.073955,C12H14O7,115531744.0
270.11034,C13H18O6,119899992.0
272.03209,C14H8O6,30353364.0
272.05322,C11H12O8,32965450.0
272.068475,C15H12O5,35621716.0
272.089605,C12H16O7,118217168.0
272.12599,C13H20O6,31256026.0
274.04774,C14H10O6,53613516.0
274.06887,C11H14O8,29246582.0
274.084125,C15H14O5,39674048.0
274.105255,C12H18O7,34893720.0
276.027005,C13H8O7,46188716.0
276.06339,C14H12O6,72160424.0
276.099775,C15H16O5,47085820.0
276.175916,C14H28O3S1,6000135.0
278.042655,C13H10O7,79624680.0
278.07904,C14H14O6,112887440.0
278.115425,C15H18O5,63462372.0
280.02192,C12H8O8,46740064.0
280.058305,C13H12O7,98971232.0
280.09469,C14H16O6,118859896.0
280.131075,C15H20O5,67071844.0
281.2718640000001,C18H35O1N1,23675064.0
282.03757,C12H10O8,60073200.0
282.073955,C13H14O7,133147608.0
282.11034,C14H18O6,165269808.0
282.146725,C15H22O5,32422194.0
284.05322,C12H12O8,63224020.0
284.068475,C16H12O5,25219344.0
284.089605,C13H16O7,214176160.0
284.12599,C14H20O6,99561320.0
284.141245,C18H20O3,3748778.0
286.04774,C15H10O6,41377180.0
286.06887,C12H14O8,98387808.0
286.084125,C16H14O5,30283812.0
286.105255,C13H18O7,152447136.0
286.14164,C14H22O6,20365820.0
286.156895,C18H22O3,3718573.0
288.027005,C14H8O7,38065460.0
288.06339,C15H12O6,57191160.0
288.08452,C12H16O8,75440440.0
288.099775,C16H16O5,33839720.0
288.120905,C13H20O7,31561936.0
290.042655,C14H10O7,73077504.0
290.07904,C15H14O6,72545824.0
290.115425,C16H18O5,41206716.0
292.02192,C13H8O8,45914012.0
292.058305,C14H12O7,103907288.0
292.069538,C13H12O6N2,3730875.0
292.09469,C15H16O6,90039464.0
292.131075,C16H20O5,47021132.0
294.027022,C7H10O7N4S1,3764841.0
294.03757,C13H10O8,78617208.0
294.073955,C14H14O7,134521280.0
294.11034,C15H18O6,138281792.0
294.146725,C16H22O5,39245660.0
296.016835,C12H8O9,31380962.0
296.05322,C13H12O8,95812288.0
296.089605,C14H16O7,210729056.0
296.12599,C15H20O6,150528688.0
297.266779,C18H35O2N1,3744344.0
298.032485,C12H10O9,30970646.0
298.04774,C16H10O6,28046506.0
298.06887,C13H14O8,147122480.0
298.084125,C17H14O5,21448578.0
298.105255,C14H18O7,279663744.0
298.105255,C14H18O7,279663744.0
298.14164,C15H22O6,71425272.0
298.105255,C14H18O7,37442324.0
300.027005,C15H8O7,28556118.0
300.04498,C8H16O6N2S2,3683166.0
300.048135,C12H12O9,33987644.0
300.06339,C16H12O6,41431172.0
300.08452,C13H16O8,203368080.0
300.099775,C17H16O5,22176176.0
300.120905,C14H20O7,130817840.0
302.042655,C15H10O7,54001628.0
302.0637850000001,C12H14O9,40759536.0
302.07904,C16H14O6,51096404.0
302.10017,C13H18O8,114923544.0
302.115425,C17H18O5,28237038.0
304.02192,C14H8O8,33810216.0
304.058305,C15H12O7,84750743.99999999
304.09469,C16H16O6,63961768.0
304.131075,C17H20O5,34377540.0
306.03757,C14H10O8,74680424.0
306.073955,C15H14O7,110014784.0
306.11034,C16H18O6,86476136.0
306.146725,C17H22O5,33269786.0
308.016835,C13H8O9,37753644.0
308.05322,C14H12O8,119465096.0
308.089605,C15H16O7,163950992.0
308.12599,C16H20O6,113999624.0
308.162375,C17H24O5,24267264.0
310.032485,C13H10O9,54563708.0
310.06887,C14H14O8,160763296.0
310.105255,C15H18O7,269188480.0
310.14164,C16H22O6,91600504.0
311.1368890000001,C15H21O6N1,3727034.0
312.048135,C13H12O9,71850288.0
312.06339,C17H12O6,29076188.0
312.08452,C14H16O8,277672064.0
312.08452,C14H16O8,277672064.0
312.120905,C15H20O7,254970144.0
312.120905,C15H20O7,254970144.0
312.15729,C16H24O6,30078328.0
312.175916,C17H28O3S1,34497644.0
312.08452,C14H16O8,36577976.0
312.120905,C15H20O7,35780588.0
314.042655,C16H10O7,39668892.0
314.0637850000001,C13H14O9,101830984.0
314.07904,C17H14O6,34494456.0
314.10017,C14H18O8,287876000.0
314.10017,C14H18O8,287876000.0
314.118796,C15H22O5S1,3699630.0
314.136555,C15H22O7,93114856.0
314.10017,C14H18O8,40428072.0
316.02192,C15H8O8,32120564.0
316.058305,C16H12O7,64240432.0
316.079435,C13H16O9,105133536.0
316.09469,C17H16O6,44639148.0
316.11582,C14H20O8,112880272.0
318.03757,C15H10O8,63936432.0
318.073955,C16H14O7,84867176.0
318.085188,C15H14O6N2,3945781.0
318.095085,C13H18O9,39224052.0
318.11034,C17H18O6,57095980.0
318.146725,C18H22O5,26769638.0
320.016835,C14H8O9,29349936.0
320.05322,C15H12O8,107091824.0
320.064453,C14H12O7N2,3799352.0
320.089605,C16H16O7,109418232.0
320.12599,C17H20O6,77627472.0
320.162375,C18H24O5,25101564.0
322.032485,C14H10O9,66849268.0
322.058322,C9H14O7N4S1,3844036.0
322.06887,C15H14O8,146319840.0
322.105255,C16H18O7,172025472.0
322.14164,C17H22O6,91806656.0
324.01175,C13H8O10,21275836.0
324.048135,C14H12O9,105493000.0
324.06339,C18H12O6,19420742.0
324.08452,C15H16O8,230686352.0
324.120905,C16H20O7,242047952.0
324.15729,C17H24O6,56667792.0
326.0274,C13H10O10,29607524.0
326.042655,C17H10O7,28163490.0
326.0637850000001,C14H14O9,148587440.0
326.07904,C18H14O6,21848242.0
326.10017,C15H18O8,382391232.0
326.10017,C15H18O8,382391232.0
326.10017,C15H18O8,382391232.0
326.136555,C16H22O7,168875184.0
326.191566,C18H30O3S1,29917404.0
326.10017,C15H18O8,57454716.0
326.10017,C15H18O8,57454716.0
328.04305,C13H12O10,37239960.0
328.058305,C17H12O7,43011028.0
328.079435,C14H16O9,220274960.0
328.079435,C14H16O9,220274960.0
328.09469,C18H16O6,27998422.0
328.11582,C15H20O8,308029440.0
328.11582,C15H20O8,308029440.0
328.152205,C16H24O7,46818012.0
328.079435,C14H16O9,30572840.0
328.11582,C15H20O8,46176512.0
330.03757,C16H10O8,49779296.0
330.0587,C13H14O10,48710816.0
330.073955,C17H14O7,57922032.0
330.095085,C14H18O9,182213824.0
330.11034,C18H18O6,35515324.0
330.13147,C15H22O8,89991648.0
332.016835,C15H8O9,30382754.0
332.05322,C16H12O8,88811584.0
332.07435,C13H16O10,33696236.0
332.089605,C17H16O7,81295568.0
332.100838,C16H16O6N2,4176411.0
332.110735,C14H20O9,53917512.0
332.12599,C18H20O6,49045772.0
332.162375,C19H24O5,19007540.0
334.032485,C15H10O9,67987048.0
334.06887,C16H14O8,131641936.0
334.105255,C17H18O7,109990280.0
334.14164,C18H22O6,65770040.0
336.030376,C15H12O7S1,4237078.0
336.048135,C15H12O9,123543784.0
336.08452,C16H16O8,175046832.0
336.120905,C17H20O7,171812176.0
336.15729,C18H24O6,64919924.0
337.334464,C22H43O1N1,5362334.000000001
338.0274,C14H10O10,45908864.0
338.0637850000001,C15H14O9,166627280.0
338.10017,C16H18O8,282189824.0
338.10017,C16H18O8,282189824.0
338.10017,C16H18O8,282189824.0
338.136555,C17H22O7,203061600.0
338.17294,C18H26O6,34163456.0
339.037904,C17H9O7N1,4184253.0
338.10017,C16H18O8,45683264.0
338.10017,C16H18O8,45683264.0
340.04305,C14H12O10,75472856.0
340.058305,C18H12O7,29325850.0
340.079435,C15H16O9,255263040.0
340.079435,C15H16O9,255263040.0
340.11582,C16H20O8,375881760.0
340.11582,C16H20O8,375881760.0
340.11582,C16H20O8,375881760.0
340.152205,C17H24O7,106093128.0
340.207216,C19H32O3S1,23098664.0
340.079435,C15H16O9,40571644.0
340.11582,C16H20O8,58099924.0
340.11582,C16H20O8,58099924.0
342.03757,C17H10O8,36623724.0
342.0587,C14H14O10,105981528.0
342.073955,C18H14O7,40392708.0
342.095085,C15H18O9,353159648.0
342.095085,C15H18O9,353159648.0
342.11034,C19H18O6,22391762.0
342.13147,C16H22O8,218400608.0
342.167855,C17H26O7,25747636.0
342.095085,C15H18O9,50804444.0
344.016835,C16H8O9,26821914.0
344.05322,C17H12O8,62767428.0
344.068475,C21H12O5,3711630.0
344.07435,C14H16O10,123414232.0
344.089605,C18H16O7,52242684.0
344.110735,C15H20O9,215092720.0
344.110735,C15H20O9,215092720.0
344.12599,C19H20O6,30889350.0
344.14712,C16H24O8,52816556.0
344.110735,C15H20O9,32634416.0
346.032485,C16H10O9,58614960.0
346.06887,C17H14O8,96561224.0
346.09,C14H18O10,70858064.0
346.105255,C18H18O7,70642128.0
346.126385,C15H22O9,50032520.0
346.14164,C19H22O6,41075488.0
348.048135,C16H12O9,110779544.0
348.08452,C17H16O8,127674368.0
348.120905,C18H20O7,105495232.0
348.15729,C19H24O6,51017488.0
350.0274,C15H10O10,53463684.0
350.0637850000001,C16H14O9,159173616.0
350.10017,C17H18O8,185320448.0
350.136555,C18H22O7,151188240.0
350.17294,C19H26O6,39957872.0
352.04305,C15H12O10,101806776.0
352.079435,C16H16O9,220031040.0
352.11582,C17H20O8,289332512.0
352.11582,C17H20O8,289332512.0
352.11582,C17H20O8,289332512.0
352.152205,C18H24O7,138593248.0
352.11582,C17H20O8,50948228.0
352.11582,C17H20O8,50948228.0
354.03757,C18H10O8,24003558.0
354.0587,C15H14O10,143923584.0
354.073955,C19H14O7,26752118.0
354.095085,C16H18O9,337001952.0000001
354.095085,C16H18O9,337001952.0000001
354.13147,C17H22O8,309224192.0
354.13147,C17H22O8,309224192.0
354.13147,C17H22O8,309224192.0
354.167855,C18H26O7,61516920.0
354.095085,C16H18O9,54665472.0
354.13147,C17H22O8,52574820.0
354.13147,C17H22O8,52574820.0
356.05322,C18H12O8,43689904.0
356.07435,C15H16O10,205261456.0
356.089605,C19H16O7,31298522.0
356.110735,C16H20O9,371289824.0
356.110735,C16H20O9,371289824.0
356.110735,C16H20O9,371289824.0
356.14712,C17H24O8,139167008.0
356.110735,C16H20O9,57563864.0
356.110735,C16H20O9,57563864.0
358.032485,C17H10O9,48317064.0
358.053615,C14H14O11,47895212.0
358.06887,C18H14O8,64697716.0
358.09,C15H18O10,198053824.0
358.105255,C19H18O7,42466560.0
358.126385,C16H22O9,170437648.0
358.14164,C20H22O6,21929230.0
358.16277,C17H26O8,28064968.0
360.01175,C16H8O10,23127788.0
360.048135,C17H12O9,86101984.0
360.08452,C18H16O8,88046296.0
360.095753,C17H16O7N2,4244472.0
360.10565,C15H20O10,95338576.0
360.120905,C19H20O7,63346348.0
360.142035,C16H24O9,35713624.0
360.15729,C20H24O6,31126502.0
362.0274,C16H10O10,53137380.0
362.0637850000001,C17H14O9,136568080.0
362.08176,C10H22O8N2S2,3860495.0
362.10017,C18H18O8,120969800.0
362.136555,C19H22O7,92637984.0
362.17294,C20H26O6,32742004.0
364.04305,C16H12O10,110328776.0
364.079435,C17H16O9,180021488.0
364.11582,C18H20O8,184715968.0
364.152205,C19H24O7,114051552.0
364.18859,C20H28O6,19859028.0
366.022315,C15H10O11,32156728.0
366.0587,C16H14O10,164108720.0
366.095085,C17H18O9,249278688.0
366.095085,C17H18O9,249278688.0
366.13147,C18H22O8,266539600.0
366.13147,C18H22O8,266539600.0
366.13147,C18H22O8,266539600.0
366.167855,C19H26O7,85687320.0
366.095085,C17H18O9,41756052.0
366.13147,C18H22O8,47206096.0
366.13147,C18H22O8,47206096.0
368.037965,C15H12O11,62883516.0
368.05322,C19H12O8,28082386.0
368.07435,C16H16O10,217359520.0
368.089605,C20H16O7,19413858.0
368.110735,C17H20O9,372446528.0
368.110735,C17H20O9,372446528.0
368.110735,C17H20O9,372446528.0
368.14712,C18H24O8,219303808.0
368.162375,C22H24O5,3991706.0
368.183505,C19H28O7,31215536.0
368.110735,C17H20O9,64215484.0
368.110735,C17H20O9,64215484.0
370.032485,C18H10O9,32089572.0
370.053615,C15H14O11,88618944.0
370.06887,C19H14O8,41225208.0
370.09,C16H18O10,291975360.0
370.09,C16H18O10,291975360.0
370.105255,C20H18O7,23428404.0
370.126385,C17H22O9,321468192.0
370.126385,C17H22O9,321468192.0
370.126385,C17H22O9,321468192.0
370.16277,C18H26O8,82192408.0
370.09,C16H18O10,44228896.0
370.126385,C17H22O9,54308672.0
370.126385,C17H22O9,54308672.0
372.01175,C17H8O10,18860722.0
372.048135,C18H12O9,60564140.0
372.069265,C15H16O11,110545696.0
372.08452,C19H16O8,53653416.0
372.10565,C16H20O10,245476528.0
372.120905,C20H20O7,33417566.0
372.142035,C17H24O9,121763336.0
374.0274,C17H10O10,48712128.0
374.0637850000001,C18H14O9,96233872.0
374.084915,C15H18O11,77653560.0
374.10017,C19H18O8,75420856.0
374.1213,C16H22O10,92584848.0
374.136555,C20H22O7,50922080.0
374.157685,C17H26O9,20824046.0
374.17294,C21H26O6,20658768.0
376.025291,C17H12O8S1,3919112.0
376.04305,C17H12O10,97185896.0
376.079435,C18H16O9,133109208.0
376.100565,C15H20O11,26304862.0
376.11582,C19H20O8,112538296.0
376.152205,C20H24O7,70358064.0
378.022315,C16H10O11,37060824.0
378.0587,C17H14O10,156272480.0
378.095085,C18H18O9,169190304.0
378.13147,C19H22O8,170377856.0
378.167855,C20H26O7,74760352.0
380.037965,C16H12O11,80527456.0
380.07435,C17H16O10,196778000.0
380.110735,C18H20O9,259203344.0
380.110735,C18H20O9,259203344.0
380.14712,C19H24O8,201440800.0
380.14712,C19H24O8,201440800.0
380.183505,C20H28O7,41997332.0
381.084854,C20H15O7N1,3783921.0
380.110735,C18H20O9,47492228.0
380.14712,C19H24O8,39323060.0
382.053615,C16H14O11,119886576.0
382.06887,C20H14O8,24730466.0
382.09,C17H18O10,262454640.0
382.09,C17H18O10,262454640.0
382.126385,C18H22O9,335235840.0
382.126385,C18H22O9,335235840.0
382.126385,C18H22O9,335235840.0
382.16277,C19H26O8,132262736.0
382.09,C17H18O10,45717932.0
382.126385,C18H22O9,61253856.0
382.126385,C18H22O9,61253856.0
384.03288,C15H12O12,27161922.0
384.048135,C19H12O9,40015168.0
384.069265,C16H16O11,156792672.0
384.08452,C20H16O8,32343168.0
384.10565,C17H20O10,329603392.0
384.10565,C17H20O10,329603392.0
384.120905,C21H20O7,17602356.0
384.142035,C18H24O9,231409600.0
384.142035,C18H24O9,231409600.0
384.17842,C19H28O8,40919240.0
384.10565,C17H20O10,54276936.0
384.142035,C18H24O9,41454364.0
386.0274,C18H10O10,36526648.0
386.0637850000001,C19H14O9,61167476.0
386.0671560000001,C16H18O9S1,8426257.0
386.084915,C16H18O11,168548272.0
386.10017,C20H18O8,44478488.0
386.1213,C17H22O10,230761280.0
386.1213,C17H22O10,230761280.0
386.136555,C21H22O7,26663210.0
386.157685,C18H26O9,76124360.0
386.1213,C17H22O10,40757380.0
388.006665,C17H8O11,16257741.0
388.025291,C18H12O8S1,3665986.0
388.04305,C18H12O10,71286440.0
388.079435,C19H16O9,84554383.99999999
388.100565,C16H20O11,103200928.0
388.11582,C20H20O8,61468780.0
388.13695,C17H24O10,73544184.0
388.152205,C21H24O7,40340968.0
390.022315,C17H10O11,37616776.0
390.0587,C18H14O10,119958704.0
390.095085,C19H18O9,116870232.0
390.116215,C16H22O11,31237008.0
390.13147,C20H22O8,94193008.0
390.167855,C21H26O7,48640256.0
392.037965,C17H12O11,82701952.0
392.07435,C18H16O10,166126864.0
392.110735,C19H20O9,163713488.0
392.14712,C20H24O8,134671568.0
392.183505,C21H28O7,40283776.0
394.053615,C17H14O11,136233968.0
394.09,C18H18O10,199681456.0
394.108626,C19H22O7S1,3903341.0
394.126385,C19H22O9,242636944.0
394.126385,C19H22O9,242636944.0
394.16277,C20H26O8,129090192.0
394.199155,C21H30O7,18521386.0
394.126385,C19H22O9,47810068.0
396.03288,C16H12O12,42155316.0
396.048135,C20H12O9,23684682.0
396.069265,C17H16O11,169614416.0
396.08452,C21H16O8,19319148.0
396.10565,C18H20O10,281011392.0
396.10565,C18H20O10,281011392.0
396.124276,C19H24O7S1,3694907.0
396.142035,C19H24O9,259573264.0
396.142035,C19H24O9,259573264.0
396.142035,C19H24O9,259573264.0
396.17842,C20H28O8,67227144.0
396.10565,C18H20O10,52141888.0
396.142035,C19H24O9,50816724.0
396.142035,C19H24O9,50816724.0
398.0274,C19H10O10,26161860.0
398.04853,C16H14O12,65421340.0
398.0637850000001,C20H14O9,37980960.0
398.084915,C17H18O11,208984832.0
398.10017,C21H18O8,24744598.0
398.1213,C18H22O10,310240320.0
398.1213,C18H22O10,310240320.0
398.1399260000001,C19H26O7S1,3764619.0
398.157685,C19H26O9,142209232.0
398.19407,C20H30O8,20203824.0
398.1213,C18H22O10,58128808.0
400.04305,C19H12O10,43587776.0
400.06418,C16H16O12,71855096.0
400.079435,C20H16O9,46740704.0
400.100565,C17H20O11,180634304.0
400.11582,C21H20O8,29795140.0
400.119191,C18H24O8S1,7155955.0
400.13695,C18H24O10,157042752.0
400.13695,C18H24O10,157042752.0
400.152205,C22H24O7,18763294.0
400.1733350000001,C19H28O9,35621588.0
400.13695,C18H24O10,33039010.0
402.022315,C18H10O11,36041712.0
402.0587,C19H14O10,85719472.0
402.07983,C16H18O12,73123016.0
402.095085,C20H18O9,71493800.0
402.116215,C17H22O11,115654064.0
402.13147,C21H22O8,51405176.0
402.1526,C18H26O10,51439504.0
402.167855,C22H26O7,29215740.0
404.037965,C18H12O11,72236184.0
404.07435,C19H16O10,123472832.0
404.09548,C16H20O12,34203320.0
404.110735,C20H20O9,100389272.0
404.131865,C17H24O11,30450406.0
404.14712,C21H24O8,77885968.0
404.183505,C22H28O7,33907792.0
406.01723,C17H10O12,22041342.0
406.053615,C18H14O11,130407216.0
406.053615,C18H14O11,130407216.0
406.09,C19H18O10,150747712.0
406.126385,C20H22O9,147085040.0
406.16277,C21H26O8,96645552.0
406.199155,C22H30O7,22661016.0
406.053615,C18H14O11,23776006.0
407.097349,C18H21O4N3S2,3883821.0
408.03288,C17H12O12,53011836.0
408.069265,C18H16O11,168857104.0
408.087891,C19H20O8S1,5464790.0
408.10565,C19H20O10,200701024.0
408.142035,C20H24O9,203396880.0
408.142035,C20H24O9,203396880.0
408.17842,C21H28O8,78132544.0
408.142035,C20H24O9,41989824.0
410.04853,C17H14O12,93802624.0
410.0637850000001,C21H14O9,24124370.0
410.084915,C18H18O11,201606560.0
410.1213,C19H22O10,282072928.0
410.1213,C19H22O10,282072928.0
410.157685,C20H26O9,179661440.0
410.17294,C24H26O6,3977906.0
410.19407,C21H30O8,33002418.0
411.074289,C24H13O6N1,4337830.0
410.1213,C19H22O10,54191956.0
412.010036,C16H12O11S1,3845904.0
412.04305,C20H12O10,34636160.0
412.06418,C17H16O12,120554856.0
412.079435,C21H16O9,32572664.0
412.100565,C18H20O11,242042576.0
412.100565,C18H20O11,242042576.0
412.11582,C22H20O8,18260760.0
412.13695,C19H24O10,264941520.0
412.13695,C19H24O10,264941520.0
412.1733350000001,C20H28O9,83009720.0
412.100565,C18H20O11,44765284.0
412.13695,C19H24O10,52798476.0
414.022315,C19H10O11,29623900.0
414.0587,C20H14O10,58283408.0
414.07983,C17H18O12,135470288.0
414.095085,C21H18O9,43972036.0
414.116215,C18H22O11,218252176.0
414.116215,C18H22O11,218252176.0
414.13147,C22H22O8,27496144.0
414.1526,C19H26O10,124818296.0
414.167855,C23H26O7,16161345.0
414.188985,C20H30O9,20605146.0
414.116215,C18H22O11,40699028.0
416.037965,C19H12O11,61481080.0
416.07435,C20H16O10,86167696.0
416.09548,C17H20O12,103586112.0
416.110735,C21H20O9,62307212.0
416.131865,C18H24O11,105076184.0
416.14712,C22H24O8,42904520.00000001
416.1682500000001,C19H28O10,32640290.0
416.183505,C23H28O7,21119448.0
418.01723,C18H10O12,28403126.0
418.0324850000001,C22H10O9,3963270.0
418.053615,C19H14O11,107069808.0
418.053615,C19H14O11,107069808.0
418.09,C20H18O10,111739936.0
418.11113,C17H22O12,44300884.0
418.126385,C21H22O9,91245112.0
418.147515,C18H26O11,24789410.0
418.16277,C22H26O8,63938300.0
418.199155,C23H30O7,21211072.0
418.053615,C19H14O11,20031424.0
420.03288,C18H12O12,59230468.0
420.069265,C19H16O11,157557904.0
420.069265,C19H16O11,157557904.0
420.10565,C20H20O10,144757712.0
420.120905,C24H20O7,3658654.0
420.142035,C21H24O9,132784992.0
420.17842,C22H28O8,68474952.0
420.069265,C19H16O11,29526802.0
422.04853,C18H14O12,108878600.0
422.084915,C19H18O11,179595568.0
422.103541,C20H22O8S1,4434140.0
422.1213,C20H22O10,198659424.0
422.157685,C21H26O9,157655584.0
422.19407,C22H30O8,45021000.0
424.027795,C17H12O13,23242972.0
424.06418,C18H16O12,129791488.0
424.079435,C22H16O9,18851560.0
424.100565,C19H20O11,187241488.0
424.13695,C20H24O10,214533152.0
424.13695,C20H24O10,214533152.0
424.152205,C24H24O7,5191101.0
424.1733350000001,C21H28O9,93950128.0
424.20972,C22H32O8,14415961.0
424.13695,C20H24O10,48880152.0
426.022315,C20H10O11,19902346.0
426.043445,C17H14O13,43897852.0
426.0587,C21H14O10,37376756.0
426.07983,C18H18O12,164005664.0
426.07983,C18H18O12,164005664.0
426.095085,C22H18O9,26165932.0
426.116215,C19H22O11,255402336.0
426.116215,C19H22O11,255402336.0
426.1526,C20H26O10,195202160.0
426.188985,C21H30O9,42377008.0
426.07983,C18H18O12,29940278.0
427.096209,C14H21O14N1,4722166.0
426.116215,C19H22O11,51634576.0
428.037965,C20H12O11,48440780.0
428.059095,C17H16O13,64182948.0
428.07435,C21H16O10,57417864.0
428.09548,C18H20O12,172280784.0
428.110735,C22H20O9,36824516.0
428.131865,C19H24O11,204197184.0
428.14712,C23H24O8,23965144.0
428.1682500000001,C20H28O10,82281328.0
430.01723,C19H10O12,28903216.0
430.053615,C20H14O11,81202824.0
430.053615,C20H14O11,81202824.0
430.064848,C19H14O10N2,4936493.0
430.074745,C17H18O13,67696656.0
430.09,C21H18O10,76452680.0
430.11113,C18H22O12,121917976.0
430.126385,C22H22O9,52376684.0
430.147515,C19H26O11,82182016.0
430.16277,C23H26O8,35058052.0
430.1839,C20H30O10,18944530.0
430.053615,C20H14O11,16309972.0
431.158019,C22H25O8N1,3714368.0
432.03288,C19H12O12,59004940.0
432.069265,C20H16O11,120720368.0
432.069265,C20H16O11,120720368.0
432.10565,C21H20O10,99787624.0
432.1267800000001,C18H24O12,47268020.0
432.142035,C22H24O9,80116016.0
432.163165,C19H28O11,18844288.0
432.17842,C23H28O8,46793568.0
432.069265,C20H16O11,25473866.0
434.0274000000001,C22H10O10,5004901.0
434.04853,C19H14O12,109752288.0
434.084915,C20H18O11,150965664.0
434.1213,C21H22O10,132907696.0
434.157685,C22H26O9,112296176.0
434.19407,C23H30O8,44060076.0
436.027795,C18H12O13,36177336.0
436.06418,C19H16O12,155526368.0
436.075413,C18H16O11N2,5227149.0
436.082806,C20H20O9S1,6477175.0
436.100565,C20H20O11,171493072.0
436.13695,C21H24O10,182200592.0
436.148183,C20H24O9N2,4158066.0
436.1733350000001,C22H28O9,113644056.0
436.20972,C23H32O8,24974952.0
438.043445,C18H14O13,67915928.0
438.0587,C22H14O10,23583840.0
438.07983,C19H18O12,171941104.0
438.116215,C20H22O11,219791200.0
438.116215,C20H22O11,219791200.0
438.1526,C21H26O10,198887520.0
438.1526,C21H26O10,198887520.0
438.188985,C22H30O9,68364208.0
438.116215,C20H22O11,44054616.0
438.1526,C21H26O10,43390008.0
440.037965,C21H12O11,31451902.0
440.059095,C18H16O13,91529696.0
440.07435,C22H16O10,34954020.0
440.09548,C19H20O12,188652288.0
440.110735,C23H20O9,21818038.0
440.1318649999999,C20H24O11,240361168.0
440.1682500000001,C21H28O10,130116696.0
440.2046350000001,C22H32O9,23254704.0
442.01723,C20H10O12,22049296.0
442.053615,C21H14O11,58988988.0
442.074745,C18H18O13,107909256.0
442.09,C22H18O10,48376612.0
442.11113,C19H22O12,187216928.0
442.126385,C23H22O9,30553182.0
442.147515,C20H26O11,159527056.0
442.16277,C24H26O8,17542926.0
442.1839,C21H30O10,45289156.0
442.260041,C20H42O8S1,4194463.0
444.03288,C20H12O12,51738092.0
444.069265,C21H16O11,85651944.0
444.069265,C21H16O11,85651944.0
444.0838689999999,C17H20O10N2S1,3678718.0
444.090395,C18H20O13,92936216.0
444.10565,C22H20O10,63557076.0
444.1267800000001,C19H24O12,119063424.0
444.142035,C23H24O9,44615912.0
444.163165,C20H28O11,57046932.0
444.17842,C24H28O8,27138332.0
444.069265,C21H16O11,17361720.0
446.012145,C19H10O13,20116860.0
446.04853,C20H14O12,92371224.0
446.084915,C21H18O11,112525424.0
446.106045,C18H22O13,47366116.0
446.1213,C22H22O10,84288208.0
446.14243,C19H26O12,41989640.00000001
446.157685,C23H26O9,62832936.0
446.19407,C24H30O8,31292782.0
448.027795,C19H12O13,40785068.0
448.06418,C20H16O12,138649776.0
448.06418,C20H16O12,138649776.0
448.100565,C21H20O11,130071344.0
448.13695,C22H24O10,115657016.0
448.1733350000001,C23H28O9,80177040.0
448.20972,C24H32O8,26295612.0
448.246105,C25H36O7,3905547.0
448.06418,C20H16O12,26468066.0
450.0256860000001,C19H14O11S1,4317699.0
450.043445,C19H14O13,80382592.0
450.07983,C20H18O12,160112528.0
450.116215,C21H22O11,156777232.0
450.1526,C22H26O10,153267664.0
450.188985,C23H30O9,69138080.0
452.037965,C22H12O11,17596496.0
452.059095,C19H16O13,113720672.0
452.07435,C23H16O10,20108152.0
452.09548,C20H20O12,171386736.0
452.114106,C21H24O9S1,4604822.0
452.1318649999999,C21H24O11,199785440.0
452.1682500000001,C22H28O10,143057712.0
452.2046350000001,C23H32O9,36736568.0
454.03836,C18H14O14,29248216.0
454.053615,C22H14O11,36298324.0
454.074745,C19H18O13,129528848.0
454.09,C23H18O10,29712508.0
454.11113,C20H22O12,189526224.0
454.126385,C24H22O9,17504582.0
454.147515,C21H26O11,192060720.0
454.1839,C22H30O10,75278984.0
454.199155,C26H30O7,4949482.0
456.03288,C21H12O12,38123732.0
456.05401,C18H16O14,42879091.99999999
456.069265,C22H16O11,54382244.0
456.090395,C19H20O13,125856656.0
456.10565,C23H20O10,37930404.0
456.12678,C20H24O12,173795776.0
456.142035,C24H24O9,22791646.0
456.163165,C21H28O11,105977520.0
456.19955,C22H32O10,24437600.0
458.012145,C20H10O13,18111490.0
458.04853,C21H14O12,71141792.0
458.04853,C21H14O12,71141792.0
458.06966,C18H18O14,50366984.0
458.084915,C22H18O11,74044464.0
458.084915,C22H18O11,74044464.0
458.106045,C19H22O13,103584720.0
458.1213,C23H22O10,50533996.0
458.14243,C20H26O12,97535408.0
458.157685,C24H26O9,36592936.0
458.178815,C21H30O11,33681268.0
458.19407,C25H30O8,19095736.0
458.04853,C21H14O12,14276250.0
458.084915,C22H18O11,17173512.0
460.027795,C20H12O13,41408096.0
460.04577,C13H20O12N2S2,5149370.0
460.06418,C21H16O12,106736560.0
460.100565,C22H20O11,92248120.0
460.121695,C19H24O13,50261336.0
460.13695,C23H24O10,69958184.0
460.15808,C20H28O12,30832482.0
460.1733350000001,C24H28O9,48378572.0
460.20972,C25H32O8,19902204.0
462.043445,C20H14O13,77151976.0
462.07983,C21H18O12,135435856.0
462.07983,C21H18O12,135435856.0
462.116215,C22H22O11,111207144.0
462.1526,C23H26O10,96236496.0
462.188985,C24H30O9,55632824.0
462.22537,C25H34O8,14458238.0
462.07983,C21H18O12,27808520.0
464.059095,C20H16O13,119406736.0
464.059095,C20H16O13,119406736.0
464.09548,C21H20O12,146206480.0
464.1318649999999,C22H24O11,138492064.0
464.1682500000001,C23H28O10,110899176.0
464.2046350000001,C24H32O9,42253252.0
464.059095,C20H16O13,22861608.0
466.03836,C19H14O14,42130200.0
466.053615,C23H14O11,20538814.0
466.074745,C20H18O13,139571856.0
466.074745,C20H18O13,139571856.0
466.09,C24H18O10,16450472.0
466.11113,C21H22O12,160522304.0
466.129756,C22H26O9S1,4670717.0
466.147515,C22H26O11,170136384.0
466.1839,C23H30O10,88386752.0
466.220285,C24H34O9,20930568.0
466.074745,C20H18O13,27422234.0
468.03288,C22H12O12,23901730.0
468.05401,C19H16O14,65204516.0
468.069265,C23H16O11,34547184.0
468.090395,C20H20O13,141268848.0
468.090395,C20H20O13,141268848.0
468.10565,C24H20O10,22353288.0
468.12678,C21H24O12,175703344.0
468.163165,C22H28O11,142302592.0
468.19955,C23H32O10,44279372.0
468.090395,C20H20O13,29669158.0
470.04853,C22H14O12,49630348.0
470.06966,C19H18O14,74172968.0
470.084915,C23H18O11,46920884.0
470.106045,C20H22O13,135000768.0
470.106045,C20H22O13,135000768.0
470.1213,C24H22O10,30541912.0
470.14243,C21H26O12,144180480.0
470.157685,C25H26O9,19576292.0
470.178815,C22H30O11,68537840.0
470.2152,C23H34O10,13173935.0
470.230455,C27H34O7,3665759.0
470.106045,C20H22O13,27618662.0
472.027795,C21H12O13,37991896.0
472.06418,C22H16O12,77773856.0
472.06418,C22H16O12,77773856.0
472.08531,C19H20O14,72991784.0
472.100565,C23H20O11,60475852.0
472.121695,C20H24O13,104226576.0
472.13695,C24H24O10,41365428.0
472.15808,C21H28O12,73320488.0
472.1733350000001,C25H28O9,28232378.0
472.194465,C22H32O11,21136672.0
473.023044,C20H11O13N1,3814215.0
472.06418,C22H16O12,17265050.0
474.043445,C21H14O13,72062088.0
474.07983,C22H18O12,102864720.0
474.07983,C22H18O12,102864720.0
474.10096,C19H22O14,47026540.0
474.116215,C23H22O11,74966544.0
474.137345,C20H26O13,48671284.0
474.1526,C24H26O10,60020476.0
474.17373,C21H30O12,21380438.0
474.188985,C25H30O9,37645736.0
474.210115,C22H34O11,3775955.0
474.22537,C26H34O8,13465803.0
474.07983,C22H18O12,21683852.0
476.02271,C20H12O14,26010020.0
476.037965,C24H12O11,6102996.0
476.059095,C21H16O13,110120560.0
476.09548,C22H20O12,115562576.0
476.09548,C22H20O12,115562576.0
476.1318649999999,C23H24O11,94487168.0
476.1682500000001,C24H28O10,76254736.0
476.2046350000001,C25H32O9,36976512.0
476.09548,C22H20O12,26517496.0
478.01723,C23H10O12,4932160.0
478.03836,C20H14O14,51251240.0
478.074745,C21H18O13,137795328.0
478.074745,C21H18O13,137795328.0
478.11113,C22H22O12,127298704.0
478.147515,C23H26O11,122644832.0
478.1839,C24H30O10,81621608.0
478.220285,C25H34O9,24898712.0
478.074745,C21H18O13,28290146.0
480.05401,C20H16O14,81651488.0
480.090395,C21H20O13,140316656.0
480.090395,C21H20O13,140316656.0
480.10565,C25H20O10,11868492.0
480.12678,C22H24O12,148784336.0
480.163165,C23H28O11,130534792.0
480.19955,C24H32O10,57881900.0
480.090395,C21H20O13,29818578.0
482.04853,C23H14O12,32127402.0
482.06966,C20H18O14,96128720.0
482.084915,C24H18O11,30636604.0
482.106045,C21H22O13,139428704.0
482.1213,C25H22O10,17223400.0
482.14243,C22H26O12,155762976.0
482.178815,C23H30O11,95555728.0
482.2152,C24H34O10,25259332.0
484.027795,C22H12O13,28896054.0
484.06418,C23H16O12,54550560.0
484.08531,C20H20O14,99007856.0
484.08531,C20H20O14,99007856.0
484.100565,C24H20O11,39475928.0
484.121695,C21H24O13,129799576.0
484.13695,C25H24O10,23800784.0
484.15808,C22H28O12,116374464.0
484.1733350000001,C26H28O9,16014492.0
484.194465,C23H32O11,43035576.0
484.08531,C20H20O14,20867990.0
486.043445,C22H14O13,58687196.0
486.043445,C22H14O13,58687196.0
486.055545,C22H18O7N2S2,3772719.0
486.07983,C23H18O12,73298960.0
486.07983,C23H18O12,73298960.0
486.10096,C20H22O14,83511808.0
486.116215,C24H22O11,51206612.0
486.137345,C21H26O13,92714424.0
486.1526,C25H26O10,35394576.0
486.17373,C22H30O12,49897860.0
486.188985,C26H30O9,23040462.0
486.043445,C22H14O13,12271312.0
486.07983,C23H18O12,15887064.0
488.02271,C21H12O14,28093116.0
488.059095,C22H16O13,94462648.0
488.059095,C22H16O13,94462648.0
488.09548,C23H20O12,88974008.0
488.09548,C23H20O12,88974008.0
488.11661,C20H24O14,50923368.0
488.1318649999999,C24H24O11,64033588.0
488.152995,C21H28O13,41046624.0
488.1682500000001,C25H28O10,49953884.0
488.18938,C22H32O12,14552246.0
488.2046350000001,C26H32O9,28031774.0
488.059095,C22H16O13,19459126.0
488.09548,C23H20O12,19751346.0
490.03836,C21H14O14,54340016.0
490.074745,C22H18O13,122292616.0
490.074745,C22H18O13,122292616.0
490.11113,C23H22O12,98264952.0
490.13226,C20H26O14,20005172.0
490.147515,C24H26O11,82211648.0
490.1839,C25H30O10,61073896.0
490.220285,C26H34O9,27133760.0
490.074745,C22H18O13,27802092.0
492.05401,C21H16O14,89951088.0
492.05401,C21H16O14,89951088.0
492.090395,C22H20O13,130699696.0
492.12678,C23H24O12,111972960.0
492.163165,C24H28O11,101649856.0
492.19955,C25H32O10,57780260.0
492.235935,C26H36O9,15720544.0
492.05401,C21H16O14,19160576.0
494.033275,C20H14O15,26878156.0
494.06966,C21H18O14,113917192.0
494.06966,C21H18O14,113917192.0
494.106045,C22H22O13,129821200.0
494.14243,C23H26O12,130102656.0
494.178815,C24H30O11,100237400.0
494.2152,C25H34O10,35510828.0
495.0496540000001,C16H17O17N1,4345519.0
494.06966,C21H18O14,23545944.0
495.087375,C18H17O12N5,5287173.000000001
496.027795,C23H12O13,19254034.0
496.0489250000001,C20H16O15,43593144.0
496.06418,C24H16O12,34356284.0
496.08531,C21H20O14,116229056.0
496.100565,C25H20O11,24382412.0
496.121695,C22H24O13,135246688.0
496.13695,C26H24O10,14524989.0
496.15808,C23H28O12,130136624.0
496.194465,C24H32O11,64484448.0
497.189714,C23H31O11N1,3817055.0
498.043445,C23H14O13,43363848.0
498.064575,C20H18O15,55811628.0
498.07983,C24H18O12,50593464.0
498.07983,C24H18O12,50593464.0
498.10096,C21H22O14,110849520.0
498.10096,C21H22O14,110849520.0
498.116215,C25H22O11,31816938.0
498.137345,C22H26O13,122373896.0
498.1526,C26H26O10,19736060.0
498.17373,C23H30O12,83378400.0
498.210115,C24H34O11,25886650.0
498.07983,C24H18O12,11984998.0
498.10096,C21H22O14,22063874.0
499.147849,C25H25O10N1,4936742.0
500.02271,C22H12O14,26474608.0
500.059095,C23H16O13,70226160.0
500.059095,C23H16O13,70226160.0
500.080225,C20H20O15,58158816.0
500.09548,C24H20O12,61211992.0
500.09548,C24H20O12,61211992.0
500.11661,C21H24O14,84513064.0
500.11661,C21H24O14,84513064.0
500.1318649999999,C25H24O11,40470340.0
500.152995,C22H28O13,77884824.0
500.1682500000001,C26H28O10,29823710.0
500.18938,C23H32O12,34620876.0
500.2046350000001,C27H32O9,17874584.0
500.059095,C23H16O13,16189142.0
500.09548,C24H20O12,13821639.0
500.11661,C21H24O14,18385432.0
502.03836,C22H14O14,53271640.0
502.074745,C23H18O13,95843896.0
502.074745,C23H18O13,95843896.0
502.095875,C20H22O15,41880664.00000001
502.11113,C24H22O12,73156568.0
502.13226,C21H26O14,48557404.0
502.147515,C25H26O11,54024584.0
502.168645,C22H30O13,29499214.0
502.1839,C26H30O10,39502996.0
502.220285,C27H34O9,20026450.0
502.074745,C23H18O13,20298980.0
504.05401,C22H16O14,84647472.0
504.090395,C23H20O13,112882096.0
504.090395,C23H20O13,112882096.0
504.111525,C20H24O15,21534890.0
504.12678,C24H24O12,83326728.0
504.14791,C21H28O14,18967084.0
504.163165,C25H28O11,72571744.0
504.19955,C26H32O10,47658616.0
504.235935,C27H36O9,18237248.0
504.090395,C23H20O13,27260990.0
506.012145,C24H10O13,4090873.0
506.033275,C21H14O15,32168136.0
506.06966,C22H18O14,112091344.0
506.06966,C22H18O14,112091344.0
506.106045,C23H22O13,111791072.0
506.14243,C24H26O12,99219824.0
506.178815,C25H30O11,84301688.0
506.2152,C26H34O10,41087984.0
506.06966,C22H18O14,25297122.0
508.01254,C20H12O16,4447634.0
508.0489250000001,C21H16O15,55898508.0
508.08531,C22H20O14,123153968.0
508.08531,C22H20O14,123153968.0
508.121695,C23H24O13,116205800.0
508.15808,C24H28O12,111565624.0
508.194465,C25H32O11,72442960.0
508.23085,C26H36O10,23080136.0
508.08531,C22H20O14,27332968.0
510.043445,C24H14O13,27814068.0
510.053558,C15H26O13S3,3962945.0
510.064575,C21H18O15,71802008.0
510.07983,C25H18O12,31485038.0
510.10096,C22H22O14,116900552.0
510.116215,C26H22O11,19392304.0
510.137345,C23H26O13,120575080.0
510.17373,C24H30O12,99772568.0
510.210115,C25H34O11,41752056.0
512.02271,C23H12O14,20633170.0
512.0590950000001,C24H16O13,49812200.0
512.080225,C21H20O15,75412072.0
512.09548,C25H20O12,40293352.0
512.11661,C22H24O14,102188200.0
512.131865,C26H24O11,25117692.0
512.152995,C23H28O13,99399168.0
512.1682500000001,C27H28O10,15585107.0
512.18938,C24H32O12,57818676.0
512.225765,C25H36O11,15349789.0
513.047818,C22H15O10N3S1,3726037.0
514.03836,C23H14O14,43674064.0
514.074745,C24H18O13,70440232.0
514.074745,C24H18O13,70440232.0
514.095875,C21H22O15,65201812.0
514.095875,C21H22O15,65201812.0
514.11113,C25H22O12,49159752.0
514.13226,C22H26O14,80179848.0
514.147515,C26H26O11,32318592.0
514.168645,C23H30O13,58999092.0
514.1839,C27H30O10,23262202.0
514.2050300000001,C24H34O12,21815708.0
514.074745,C24H18O13,17234244.0
514.095875,C21H22O15,14526367.0
516.0176250000001,C22H12O15,18064880.0
516.0540100000001,C23H16O14,73117432.0
516.090395,C24H20O13,85245984.0
516.090395,C24H20O13,85245984.0
516.111525,C21H24O15,45294448.0
516.12678,C25H24O12,57085328.0
516.14791,C22H28O14,42042831.99999999
516.163165,C26H28O11,44252440.0
516.184295,C23H32O13,22189208.0
516.19955,C27H32O10,31395598.0
516.235935,C28H36O9,14298956.0
516.27232,C29H40O8,4163677.0
516.090395,C24H20O13,18645446.0
518.033275,C22H14O15,35295368.0
518.06966,C23H18O14,99012976.0
518.106045,C24H22O13,90308560.0
518.127175,C21H26O15,21489360.0
518.14243,C25H26O12,67729840.0
518.178815,C26H30O11,56813144.0
518.2152,C27H34O10,34050740.0
520.048925,C22H16O15,59693384.0
520.0853099999999,C23H20O14,113911952.0
520.121695,C24H24O13,94027248.0
520.132928,C23H24O12N2,5803172.0
520.15808,C25H28O12,84962736.00000001
520.194465,C26H32O11,64635156.0
520.23085,C27H36O10,26586688.0
521.044174,C21H15O15N1,4247538.0
521.066171,C19H23O12N1S2,3708177.0
521.189714,C25H31O11N1,3855207.0
522.10096,C23H22O14,112285520.0
522.137345,C24H26O13,100392136.0
522.17373,C25H30O12,92177888.0
522.210115,C26H34O11,51268852.0
522.2465,C27H38O10,14242449.0
524.04384,C21H16O16,24616790.0
524.0590950000001,C25H16O13,32329424.0
524.09548,C26H20O12,24651204.0
524.11661,C23H24O14,103860304.0
524.131865,C27H24O11,14242660.0
524.152995,C24H28O13,102151968.0
524.18938,C25H32O12,73786024.0
524.225765,C26H36O11,27595844.0
526.03836,C24H14O14,31031086.0
526.05949,C21H18O16,33892036.0
526.074745,C25H18O13,47130236.0
526.095875,C22H22O15,82110992.0
526.095875,C22H22O15,82110992.0
526.11113,C26H22O12,32017082.0
526.13226,C23H26O14,92848520.0
526.147515,C27H26O11,20569846.0
526.168645,C24H30O13,80724240.0
526.1839,C28H30O10,12910903.0
526.2050300000001,C25H34O12,39166048.0
526.095875,C22H22O15,18274192.0
528.0176250000001,C23H12O15,16233551.0
528.0540100000001,C24H16O14,55695740.0
528.07514,C21H20O16,38570304.0
528.090395,C25H20O13,60577368.0
528.111525,C22H24O15,65615356.0
528.12678,C26H24O12,38845368.0
528.14791,C23H28O14,68307592.0
528.163165,C27H28O11,25787876.0
528.184295,C24H32O13,43198044.0
528.19955,C28H32O10,17924560.0
528.22068,C25H36O12,12608133.0
530.033275,C23H14O15,34430912.0
530.06966,C24H18O14,81755712.0
530.08176,C24H22O8N2S2,4674232.0
530.106045,C25H22O13,70177632.0
530.106045,C25H22O13,70177632.0
530.127175,C22H26O15,44203188.0
530.14243,C26H26O12,48717824.0
530.16356,C23H30O14,35583072.0
530.178815,C27H30O11,35883260.0
530.1999450000001,C24H34O13,14887405.0
530.2152,C28H34O10,23287724.0
531.094768,C23H21O10N3S1,5516334.0
530.106045,C25H22O13,18483980.0
532.048925,C23H16O15,59709200.0
532.0853099999999,C24H20O14,96739520.0
532.121695,C25H24O13,76053480.0
532.142825,C22H28O15,19772372.0
532.15808,C26H28O12,59224112.0
532.194465,C27H32O11,44039892.0
532.23085,C28H36O10,23270516.0
534.064575,C23H18O15,83402920.0
534.10096,C24H22O14,100913936.0
534.137345,C25H26O13,81507864.0
534.17373,C26H30O12,72902512.0
534.210115,C27H34O11,47295456.0
534.2465,C28H38O10,17902826.0
534.282885,C29H42O9,3771078.0
535.08229,C20H17O13N5,3867234.0
536.04384,C22H16O16,33150954.0
536.080225,C23H20O15,98260344.0
536.080225,C23H20O15,98260344.0
536.11661,C24H24O14,96255032.0
536.152995,C25H28O13,88398056.0
536.169117,C30H32O5S2,4435623.0
536.18938,C26H32O12,73259064.0
536.225765,C27H36O11,34669972.0
536.080225,C23H20O15,23494404.0
538.03836,C25H14O14,21802148.0
538.05949,C22H18O16,48345156.0
538.074745,C26H18O13,31637364.0
538.095875,C23H22O15,94939888.0
538.13226,C24H26O14,91281496.0
538.168645,C25H30O13,89289184.0
538.2050300000001,C26H34O12,53409896.0
538.241415,C27H38O11,17105392.0
539.033609,C24H13O14N1,3683884.0
540.0540100000001,C25H16O14,41576880.0
540.07514,C22H20O16,54518132.0
540.090395,C26H20O13,40764364.0
540.111525,C23H24O15,82095920.0
540.12678,C27H24O12,25350148.0
540.14791,C24H28O14,84391064.0
540.184295,C25H32O13,64584632.0
540.22068,C26H36O12,26229206.0
540.235935,C30H36O9,3838497.0
541.158414,C27H27O11N1,4427581.0
542.033275,C24H14O15,30734406.0
542.09079,C22H22O16,51197816.0
542.106045,C26H22O13,50119608.0
542.127175,C23H26O15,64536768.0
542.14243,C27H26O12,29825830.0
542.16356,C24H30O14,57284844.0
542.178815,C28H30O11,21810334.0
542.1999450000001,C25H34O13,31536140.0
544.048925,C24H16O15,53693412.0
544.0853099999999,C25H20O14,77870224.0
544.10644,C22H24O16,38274300.0
544.121695,C26H24O13,55897356.0
544.1329280000001,C25H24O12N2,4237689.0
544.142825,C23H28O15,39508584.0
544.15808,C27H28O12,37537780.0
544.17921,C24H32O14,27958960.0
544.194465,C28H32O11,28334086.0
544.23085,C29H36O10,15032042.0
546.02819,C23H14O16,20414690.0
546.064575,C24H18O15,78865120.0
546.10096,C25H22O14,84512536.00000001
546.112193,C24H22O13N2,5193901.0
546.12209,C22H26O16,20694042.0
546.137345,C26H26O13,61098568.0
546.1584750000001,C23H30O15,18299840.0
546.17373,C27H30O12,49625552.0
546.210115,C28H34O11,34735812.0
546.2465,C29H38O10,15854747.0
546.2465,C29H38O10,5181222.0
548.007455,C22H12O17,4290634.0
548.04384,C23H16O16,40314244.0
548.080225,C24H20O15,94770152.0
548.11661,C25H24O14,86097128.0
548.152995,C26H28O13,70435560.0
548.18938,C27H32O12,58053928.0
548.225765,C28H36O11,34979688.0
550.05949,C23H18O16,57805364.0
550.074745,C27H18O13,17858310.0
550.095875,C24H22O15,97280256.0
550.13226,C25H26O14,84337087.99999999
550.168645,C26H30O13,79098016.0
550.2050300000001,C27H34O12,55710024.0
550.241415,C28H38O11,22527356.0
552.0540100000001,C26H16O14,27811326.0
552.07514,C23H20O16,69850920.0
552.090395,C27H20O13,27028310.0
552.111525,C24H24O15,87708920.0
552.12678,C28H24O12,13984335.0
552.14791,C25H28O14,84796496.0
552.184295,C26H32O13,72895824.0
552.19955,C30H32O10,5262190.999999999
552.22068,C27H36O12,38141440.0
552.257065,C28H40O11,9962626.0
552.090395,C27H20O13,5566878.0
554.033275,C25H14O15,23841362.0
554.0544050000001,C22H18O17,22938328.0
554.06966,C26H18O14,44254356.0
554.106045,C27H22O13,34822460.0
554.127175,C24H26O15,74514440.0
554.142646,C21H34O9N2S3,20763868.0
554.16356,C25H30O14,74027448.0
554.1999450000001,C26H34O13,50215056.0
554.23633,C27H38O12,17348692.0
554.142646,C21H34O9N2S3,4342348.0
556.048925,C25H16O15,44912848.0
556.070055,C22H20O17,25863438.0
556.0853099999999,C26H20O14,57323512.0
556.10644,C23H24O16,57246836.0
556.10644,C23H24O16,57246836.0
556.121695,C27H24O13,40689348.0
556.142825,C24H28O15,58877044.0
556.142825,C24H28O15,58877044.0
556.15808,C28H28O12,25619308.0
556.17921,C25H32O14,46231604.0
556.194465,C29H32O11,16404008.0
556.215595,C26H36O13,22057436.0
556.10644,C23H24O16,13952765.0
556.142825,C24H28O15,13096718.0
558.02819,C24H14O16,21466220.0
558.064575,C25H18O15,68377424.0
558.10096,C26H22O14,68055856.0
558.12209,C23H26O16,37040132.0
558.137345,C27H26O13,45756796.0
558.1584750000001,C24H30O15,33783692.0
558.17373,C28H30O12,32455696.0
558.1948600000001,C25H34O14,22287204.0
558.210115,C29H34O11,20468562.0
560.04384,C24H16O16,42707996.00000001
560.11661,C26H24O14,72783008.0
560.13774,C23H28O16,20045002.0
560.152995,C27H28O13,53330112.0
560.174125,C24H32O15,16340448.0
560.18938,C28H32O12,40243960.0
560.225765,C29H36O11,25535344.0
562.095875,C25H22O15,93969112.0
562.13226,C26H26O14,73828184.0
562.168645,C27H30O13,61082700.0
562.2050300000001,C28H34O12,46402264.0
562.241415,C29H38O11,23332692.0
564.038755,C23H16O17,19012886.0
564.0540100000001,C27H16O14,16738607.0
564.111525,C25H24O15,88216928.0
564.14791,C26H28O14,73582600.0
564.184295,C27H32O13,65423264.0
564.22068,C28H36O12,41882340.0
564.257065,C29H40O11,13478724.0
565.122029,C28H23O12N1,4559734.0
566.033275,C26H14O15,16927676.0
566.0544050000001,C23H18O17,31592884.0
566.06966,C27H18O14,29093440.0
566.09079,C24H22O16,81161544.0
566.127175,C25H26O15,78860232.0
566.16356,C26H30O14,75233592.0
566.1999450000001,C27H34O13,57413628.0
566.2160670000001,C32H38O5S2,3969599.0
566.23633,C28H38O12,26170864.0
566.06966,C27H18O14,8616970.0
568.048925,C26H16O15,32491578.0
568.070055,C23H20O17,40015528.0
568.0853099999999,C27H20O14,40867584.0
568.10644,C24H24O16,67482904.0
568.121695,C28H24O13,28666002.0
568.142825,C25H28O15,67563632.0
568.15808,C29H28O12,16263468.0
568.17921,C26H32O14,60516736.0
568.215595,C27H36O13,35568440.0
568.25198,C28H40O12,11593324.0
570.02819,C25H14O16,19993804.0
570.064575,C26H18O15,55134776.0
570.085705,C23H22O17,39960280.0
570.10096,C27H22O14,50518348.0
570.12209,C24H26O16,55565216.0
570.12209,C24H26O16,55565216.0
570.137345,C28H26O13,31433074.0
570.1584750000001,C25H30O15,50553220.0
570.17373,C29H30O12,19683318.0
570.1948600000001,C26H34O14,38014372.0
570.210115,C30H34O11,11824704.0
570.231245,C27H38O13,14137624.0
570.12209,C24H26O16,13974230.0
572.04384,C25H16O16,40869948.0
572.101355,C23H24O17,34463164.0
572.11661,C27H24O14,55222216.0
572.13774,C24H28O16,35909440.0
572.152995,C28H28O13,38193376.0
572.174125,C25H32O15,31440720.0
572.18938,C29H32O12,25291022.0
572.225765,C30H36O11,14933177.0
573.184629,C28H31O12N1,3868172.0
574.023105,C24H14O17,12059463.0
574.041731,C25H18O14S1,5527174.0
574.05949,C25H18O16,60634808.0
574.095875,C26H22O15,81601424.0
574.1170050000001,C23H26O17,18079602.0
574.13226,C27H26O14,56366092.0
574.1533900000001,C24H30O16,18734362.0
574.168645,C28H30O13,42998788.0
574.2050300000001,C29H34O12,31207718.0
574.241415,C30H38O11,16283341.0
576.038755,C24H16O17,22397814.0
576.111525,C26H24O15,80737776.0
576.14791,C27H28O14,60725624.0
576.184295,C28H32O13,48333760.0
576.205425,C25H36O15,4117593.0
576.22068,C29H36O12,32783012.0
576.257065,C30H40O11,13287904.0
577.0492589999999,C27H15O14N1,3659968.0
578.01802,C23H14O18,4049416.0
578.0544050000001,C24H18O17,37671236.0
578.06966,C28H18O14,17182272.0
578.09079,C25H22O16,84840624.00000001
578.127175,C26H26O15,72844488.0
578.16356,C27H30O14,63514044.0
578.182186,C28H34O11S1,3834150.0
578.1999450000001,C28H34O13,52949236.0
578.23633,C29H38O12,28434986.0
580.048925,C27H16O15,22979684.0
580.070055,C24H20O17,48874852.0
580.0853099999999,C28H20O14,26502420.0
580.10644,C25H24O16,77695192.0
580.121695,C29H24O13,17773806.0
580.142825,C26H28O15,68165632.0
580.17921,C27H32O14,63118752.0
580.215595,C28H36O13,43000548.0
580.25198,C29H40O12,18720862.0
581.037648,C25H15O12N3S1,3758535.0
580.121695,C29H24O13,4581761.0
581.153329,C29H27O12N1,4073953.0
582.02819,C26H14O16,15276199.0
582.064575,C27H18O15,38679660.0
582.085705,C24H22O17,51811844.0
582.10096,C28H22O14,35439696.0
582.12209,C25H26O16,65545144.0
582.137345,C29H26O13,20500462.0
582.1584750000001,C26H30O15,60189840.0
582.17373,C30H30O12,12283169.0
582.1948600000001,C27H34O14,51040700.0
582.231245,C28H38O13,25543550.0
584.04384,C26H16O16,31131842.0
584.080225,C27H20O15,53944524.0
584.11661,C28H24O14,38265840.0
584.13774,C25H28O16,49087208.0
584.152995,C29H28O13,24893646.0
584.174125,C26H32O15,46107272.0
584.18938,C30H32O12,17647656.0
584.21051,C27H36O14,29197358.0
584.26215,C32H40O10,4204967.0
585.169374,C25H31O15N1,4357786.0
586.023105,C25H14O17,13170046.0
586.05949,C26H18O16,53684872.0
586.095875,C27H22O15,62819540.0
586.1170050000001,C24H26O17,34729948.0
586.13226,C28H26O14,44055968.0
586.1533900000001,C25H30O16,33477316.0
586.168645,C29H30O13,29961128.0
586.189775,C26H34O15,25208574.0
586.2050300000001,C30H34O12,20324238.0
586.2261599999999,C27H38O14,11390867.0
586.2778,C32H42O10,3723349.0
588.038755,C25H16O17,25084798.0
588.111525,C27H24O15,66693440.0
588.14791,C28H28O14,47376976.0
588.184295,C29H32O13,33461216.0
588.22068,C30H36O12,23290718.0
589.1366330000001,C26H27O11N3S1,4712105.0
590.0544050000001,C25H18O17,42330236.00000001
590.127175,C27H26O15,67716024.0
590.16356,C28H30O14,50876848.0
590.1999450000001,C29H34O13,40866588.0
590.23633,C30H38O12,21160138.0
592.048925,C28H16O15,13950411.0
592.070055,C25H20O17,56892104.0
592.0853099999999,C29H20O14,15911431.0
592.10644,C26H24O16,77565832.0
592.1284370000001,C24H32O13S2,5201657.0
592.142825,C27H28O15,62428668.0
592.17921,C28H32O14,53309616.0
592.215595,C29H36O13,39348512.0
592.25198,C30H40O12,18663952.0
593.044174,C27H15O15N1,4084538.0
593.116944,C29H23O13N1,3963280.0
594.02819,C27H14O16,13633330.0
594.064575,C28H18O15,25830170.0
594.085705,C25H22O17,61445788.0
594.085705,C25H22O17,61445788.0
594.10096,C29H22O14,21557832.0
594.12209,C26H26O16,69535208.0
594.1584750000001,C27H30O15,59546988.0
594.1948600000001,C28H34O14,52504748.0
594.231245,C29H38O13,30962588.0
594.26763,C30H42O12,9957904.0
594.085705,C25H22O17,15381742.0
595.1334609999999,C30H29O8N1S2,4302254.0
595.138469,C22H29O18N1,3860524.0
596.04384,C27H16O16,25396032.0
596.06497,C24H20O18,23583966.0
596.101355,C25H24O17,57105276.0
596.11661,C29H24O14,26874118.0
596.13774,C26H28O16,57278448.0
596.152995,C30H28O13,17269974.0
596.174125,C27H32O15,54759596.0
596.21051,C28H36O14,41124180.0
596.246895,C29H40O13,16534678.0
596.28328,C30H44O12,4707455.0
598.058839,C19H22O18N2S1,39040716.0
598.08062,C24H22O18,23611800.0
598.0952240000001,C20H26O17N2S1,42834272.0
598.1316090000001,C21H30O16N2S1,29106180.0
598.143493,C28H26O13N2,5215168.0
598.1533900000001,C26H30O16,39414388.0
598.168645,C30H30O13,19042512.0
598.189775,C27H34O15,34469296.0
598.2261599999999,C28H38O14,17197182.0
598.189775,C27H34O15,7448528.0
600.07514,C27H20O16,39580184.0
600.111525,C28H24O15,37014404.0
600.1326550000001,C25H28O17,21004568.0
600.14791,C29H28O14,24143552.0
600.184295,C30H32O13,17353696.0
600.205425,C27H36O15,14341879.0
600.1326550000001,C25H28O17,6935711.0
600.14791,C29H28O14,9578540.0
600.184295,C30H32O13,7047536.0
600.205425,C27H36O15,5245014.000000001
602.0544050000001,C26H18O17,41319572.0
602.09079,C27H22O16,70969080.0
602.127175,C28H26O15,54770160.0
602.148305,C25H30O17,19768382.0
602.16356,C29H30O14,38675628.0
602.18469,C26H34O16,14398950.0
602.1999450000001,C30H34O13,27966624.0
602.23633,C31H38O12,15550462.0
603.0496539999999,C25H17O17N1,3926610.0
604.070055,C26H20O17,55308396.0
604.092052,C24H28O14S2,5240852.0
604.10644,C27H24O16,72446632.0
604.142825,C28H28O15,54982248.0
604.17921,C29H32O14,43068112.0
604.215595,C30H36O13,30100856.0
604.25198,C31H40O12,13309400.0
605.210844,C29H35O13N1,3819855.0
606.0493200000001,C25H18O18,23012334.0
606.064575,C29H18O15,17718240.0
606.085705,C26H22O17,65532160.0
606.12209,C27H26O16,66107688.0
606.1584750000001,C28H30O15,51350268.0
606.180472,C26H38O12S2,4069606.0
606.1948600000001,C29H34O14,46026228.0
606.231245,C30H38O13,28910682.0
607.080954,C25H21O17N1,5432154.0
607.1334609999999,C31H29O8N1S2,4653537.0
608.007455,C27H12O17,4310366.0
608.04384,C28H16O16,18679442.0
608.06497,C25H20O18,33932260.0
608.080225,C29H20O15,24550070.0
608.13774,C27H28O16,59678160.0
608.174125,C28H32O15,51798472.0
608.21051,C29H36O14,41287436.0
608.246895,C30H40O13,20098512.0
610.05949,C28H18O16,30250774.0
610.08062,C25H22O18,39155352.0
610.095875,C29H22O15,34600732.0
610.1170050000001,C26H26O17,55443424.0
610.13226,C30H26O14,23786818.0
610.1533900000001,C27H30O16,50993340.0
610.168645,C31H30O13,14197473.0
610.189775,C28H34O15,48344000.0
610.2261599999999,C29H38O14,29970616.0
611.163894,C30H29O13N1,4751101.0
612.038755,C27H16O17,21228868.0
612.07514,C28H20O16,46581380.0
612.111525,C29H24O15,39723404.0
612.1227580000001,C28H24O14N2,4137215.0
612.1326550000001,C26H28O17,44116048.0
612.14791,C30H28O14,26572544.0
612.16904,C27H32O16,41745496.0
612.184295,C31H32O13,18184158.0
612.205425,C28H36O15,32205342.0
612.24181,C29H40O14,15706562.0
614.0544050000001,C27H18O17,37351992.0
614.09079,C28H22O16,58285752.0
614.11192,C25H26O18,28495930.0
614.127175,C29H26O15,42268880.0
614.148305,C26H30O17,31855754.0
614.16356,C30H30O14,29708936.0
614.18469,C27H34O16,26443454.0
614.1999450000001,C31H34O13,20472512.0
614.221075,C28H38O15,16947934.0
614.23633,C32H38O12,11787524.0
615.0496539999999,C26H17O17N1,4732175.0
616.03367,C26H16O18,14699294.0
616.070055,C27H20O17,53682076.0
616.142825,C29H28O15,46723524.0
616.163955,C26H32O17,16899728.0
616.17921,C30H32O14,32518586.0
616.20034,C27H36O16,12487412.0
616.215595,C31H36O13,21750702.0
616.215595,C31H36O13,7116758.0
618.0493200000001,C26H18O18,26480082.0
618.085705,C27H22O17,68307112.0
618.1584750000001,C29H30O15,45627144.0
618.1948600000001,C30H34O14,38372908.0
618.231245,C31H38O13,22701162.0
619.1471980000001,C27H29O12N3S1,4030703.0
619.226494,C30H37O13N1,4177088.0
620.06497,C26H20O18,40666588.0
620.101355,C27H24O17,68344032.0
620.13774,C28H28O16,57044168.0
620.1523440000001,C24H32O15N2S1,5639969.0
620.174125,C29H32O15,47273756.0
620.21051,C30H36O14,37961128.0
620.246895,C31H40O13,19984080.0
622.05949,C29H18O16,22139656.0
622.08062,C26H22O18,45322544.0
622.1170050000001,C27H26O17,59228612.0
622.1533900000001,C28H30O16,50480292.0
622.189775,C29H34O15,46770736.0
622.205897,C34H38O7S2,4304123.0
622.2261599999999,C30H38O14,31333004.0
622.262545,C31H42O13,11989325.0
622.29893,C32H46O12,4132108.0
623.0547389999999,C28H17O16N1,3838756.0
624.0744890000001,C21H24O18N2S1,23771258.0
624.09627,C26H24O18,31583850.0
624.16904,C28H32O16,31701910.0
624.205425,C29H36O15,25445464.0
624.22068,C33H36O12,5278709.999999999
624.24181,C30H40O14,14195129.0
624.0744890000001,C21H24O18N2S1,5092934.0
625.165156,C28H35O11N1S2,4705984.0
626.01802,C27H14O18,4761042.0
626.0544050000001,C28H18O17,22696868.0
626.09079,C29H22O16,34282356.0
626.1629090000001,C23H34O16N2S1,14309477.0
626.18469,C28H34O16,26793992.0
626.221075,C29H38O15,18793234.0
626.25746,C30H42O14,7746454.0
627.158809,C30H29O14N1,6571467.0
626.18469,C28H34O16,10181867.0
626.221075,C29H38O15,6876877.0
627.2614380000001,C32H41O8N3S1,3828809.0
628.070055,C28H20O17,48642144.0
628.10644,C29H24O16,52174600.0
628.1275700000001,C26H28O18,28779896.0
628.142825,C30H28O15,34247256.0
628.163955,C27H32O17,25418188.0
628.17921,C31H32O14,23911540.0
628.20034,C28H36O16,24825528.0
628.215595,C32H36O13,16027389.0
628.236725,C29H40O15,11579541.0
630.0493200000001,C27H18O18,26573722.0
630.085705,C28H22O17,60593836.0
630.14322,C26H30O18,16958196.0
630.1584750000001,C30H30O15,37826328.0
630.179605,C27H34O17,16040672.0
630.1948600000001,C31H34O14,27903940.0
630.231245,C32H38O13,17425880.0
632.06497,C27H20O18,40651416.0
632.101355,C28H24O17,63141588.0
632.13774,C29H28O16,50645448.0
632.174125,C30H32O15,39850956.0
632.21051,C31H36O14,30286206.0
632.246895,C32H40O13,18347848.0
633.075474,C30H19O15N1,5396650.0
634.05949,C30H18O16,15649132.0
634.08062,C27H22O18,51539284.0
634.095875,C31H22O15,13875483.0
634.1533900000001,C29H30O16,48332132.0
634.175387,C27H38O13S2,4555801.0
634.189775,C30H34O15,42578060.0
634.2261599999999,C31H38O14,30529242.0
636.038755,C29H16O17,12858475.0
636.059885,C26H20O19,19944124.0
636.09627,C27H24O18,55598908.0
636.111525,C31H24O15,19138442.0
636.1326550000001,C28H28O17,54391256.0
636.16904,C29H32O16,46127948.0
636.205425,C30H36O15,40660232.0
636.22068,C34H36O12,4899898.0
636.24181,C31H40O14,24632030.0
638.0391500000001,C25H18O20,3698406.0
638.0544050000001,C29H18O17,25950860.0
638.0757510000001,C19H30O16N2S3,26625338.0
638.09079,C30H22O16,33393798.0
638.148305,C28H30O17,44526220.0
638.18469,C29H34O16,43315936.0
638.221075,C30H38O15,31705632.0
638.25746,C31H42O14,14411109.0
638.0757510000001,C19H30O16N2S3,4986850.0
638.25746,C31H42O14,4690144.0
640.070055,C29H20O17,40582356.0
640.091185,C26H24O19,27703436.0
640.10644,C30H24O16,41660780.0
640.142825,C31H28O15,28592572.0
640.163955,C28H32O17,36305632.0
640.17921,C32H32O14,17777518.0
640.20034,C29H36O16,32831606.0
640.236725,C30H40O15,19729668.0
642.0493200000001,C28H18O18,26907674.0
642.085705,C29H22O17,51765132.0
642.12209,C30H26O16,42932012.00000001
642.179605,C28H34O17,27250160.0
642.1948600000001,C32H34O14,20560272.0
642.21599,C29H38O16,20486186.0
642.231245,C33H38O13,14592381.0
644.06497,C28H20O18,39605552.0
644.101355,C29H24O17,57775128.0
644.13774,C30H28O16,43100824.0
644.14984,C30H32O10N2S2,5032788.0
644.174125,C31H32O15,30472074.0
644.1952550000001,C28H36O17,15842117.0
644.21051,C32H36O14,22769388.0
646.0442350000001,C27H18O19,16597647.0
646.08062,C28H22O18,52653656.0
646.1170050000001,C29H26O17,57969976.0
646.1533900000001,C30H30O16,43186792.0
646.189775,C31H34O15,34780280.0
646.2261599999999,C32H38O14,25016312.0
646.262545,C33H42O13,11989133.0
646.29893,C34H46O12,3930665.0
648.038755,C30H16O17,8686021.0
648.059885,C27H20O19,22990246.0
648.0744890000001,C23H24O18N2S1,15887150.0
648.09627,C28H24O18,56116028.0
648.111525,C32H24O15,12027617.0
648.16904,C30H32O16,41830524.0
648.205425,C31H36O15,35861592.0
648.24181,C32H40O14,23391056.0
650.01802,C29H14O18,6220302.0
650.0544050000001,C30H18O17,15723227.0
650.075535,C27H22O19,30653852.0
650.127175,C32H26O15,14988253.0
650.148305,C29H30O17,43941280.0
650.18469,C30H34O16,39953904.0
650.221075,C31H38O15,32003296.0
650.23633,C35H38O12,3774373.0
650.25746,C32H42O14,18147698.0
652.070055,C30H20O17,26981212.0
652.091185,C27H24O19,32656388.0
652.10644,C31H24O16,27806912.0
652.142825,C32H28O15,18049902.0
652.163955,C29H32O17,39082040.0
652.20034,C30H36O16,36575080.0
652.236725,C31H40O15,25341068.0
652.27311,C32H44O14,9590856.0
653.1228189999999,C27H27O18N1,3699476.0
653.1955889999999,C29H35O16N1,4700016.0
654.0493200000001,C29H18O18,22783280.0
654.085705,C30H22O17,40809460.0
654.106835,C27H26O19,30950062.0
654.12209,C31H26O16,31553530.0
654.1584750000001,C32H30O15,20005974.0
654.179605,C29H34O17,32162572.0
654.21599,C30H38O16,26789944.0
654.252375,C31H42O15,14918608.0
656.06497,C29H20O18,34674136.0
656.13774,C31H28O16,32966060.0
656.174125,C32H32O15,24505536.0
656.21051,C33H36O14,18625194.0
656.23164,C30H40O16,15624966.0
658.0662319999999,C26H26O16S2,4200914.0
658.08062,C29H22O18,47373708.0
658.128238,C29H26O16N2,4418472.0
658.138135,C27H30O19,16089251.0
658.1533900000001,C31H30O16,34196716.0
658.17452,C28H34O18,14824706.0
658.189775,C32H34O15,26151990.0
658.2261599999999,C33H38O14,19847982.0
659.0466949999999,C21H17O20N5,4647692.0
660.059885,C28H20O19,25175030.0
660.09627,C29H24O18,54810364.0
660.1326550000001,C30H28O17,48063504.0
660.16904,C31H32O16,37399036.0
660.205425,C32H36O15,27337890.0
660.24181,C33H40O14,20319208.0
662.0544050000001,C31H18O17,10646480.0
662.075535,C28H22O19,37199388.0
662.09079,C32H22O16,11764694.0
662.148305,C30H30O17,43005444.0
662.18469,C31H34O16,39143092.0
662.204183,C33H42O8S3,3760183.0
662.221075,C32H38O15,28817738.0
662.25746,C33H42O14,17743522.0
664.070055,C31H20O17,18889576.0
664.091185,C28H24O19,41611356.0
664.163955,C30H32O17,39112740.0
664.20034,C31H36O16,34672100.0
664.236725,C32H40O15,26565310.0
664.27311,C33H44O14,13502874.0
665.0356610000001,C23H23O18N1S2,3799377.0
665.1955889999999,C30H35O16N1,5082278.0
666.0493200000001,C30H18O18,17755004.0
666.0704499999999,C27H22O20,16657473.0
666.085705,C31H22O17,30595162.0
666.106835,C28H26O19,35918264.0
666.12209,C32H26O16,21211420.0
666.179605,C30H34O17,36193012.0
666.21599,C31H38O16,33334078.0
666.252375,C32H42O15,18758834.0
667.138469,C28H29O18N1,5339151.0
668.06497,C30H20O18,29604746.0
668.101355,C31H24O17,35746708.0
668.1224850000001,C28H28O19,30878804.0
668.13774,C32H28O16,27834154.0
668.15887,C29H32O18,31452984.0
668.174125,C33H32O15,16796528.0
668.1952550000001,C30H36O17,31268802.0
668.21051,C34H36O14,12013289.0
668.23164,C31H40O16,22498550.0
668.268025,C32H44O15,9899398.0
668.28328,C36H44O12,3727975.0
669.0595680000001,C21H23O20N3S1,4270534.0
670.0442350000001,C29H18O19,15627244.0
670.0653649999999,C26H22O21,3676884.0
670.08062,C30H22O18,40664512.0
670.138135,C28H30O19,22757928.0
670.17452,C29H34O18,22043800.0
670.189775,C33H34O15,21143918.0
670.210905,C30H38O17,21603348.0
670.2261599999999,C34H38O14,14386591.0
670.24729,C31H42O16,11355031.0
671.185024,C32H33O15N1,4584687.0
670.2261599999999,C34H38O14,5011933.0
672.0235,C28H16O20,5655141.0
672.059885,C29H20O19,27100344.0
672.079378,C31H28O11S3,5242244.0
672.09627,C30H24O18,49365716.0
672.1326550000001,C31H28O17,41327428.0
672.16904,C32H32O16,30381536.0
672.1901700000001,C29H36O18,15346420.0
672.205425,C33H36O15,23542982.0
672.24181,C34H40O14,14949797.0
673.118007,C32H23O14N3,4520676.0
673.2006739999999,C32H35O15N1,4788482.0
674.075535,C29H22O19,37502996.0
674.11192,C30H26O18,47265824.0
674.148305,C31H30O17,41030092.0
674.18469,C32H34O16,31797394.0
674.221075,C33H38O15,25824994.0
674.25746,C34H42O14,17353046.0
675.0927810000001,C26H29O16N1S2,3886233.0
676.0548,C28H20O20,13623101.0
676.070055,C32H20O17,12290298.0
676.091185,C29H24O19,44561316.0
676.1275700000001,C30H28O18,47109648.0
676.163955,C31H32O17,37265584.0
676.20034,C32H36O16,32697108.0
676.236725,C33H40O15,27106498.0
676.27311,C34H44O14,13804796.0
677.313473,C37H47O7N3S1,3748966.0
678.0493200000001,C31H18O18,12574247.0
678.0704499999999,C28H22O20,19861382.0
678.085705,C32H22O17,20639686.0
678.106835,C29H26O19,43197796.0
678.12209,C33H26O16,15831968.0
678.14322,C30H30O18,42457168.0
678.179605,C31H34O17,37479368.0
678.21599,C32H38O16,33760756.0
678.252375,C33H42O15,20613264.0
679.0744280000001,C30H21O14N3S1,5533803.0
678.085705,C32H22O17,6231706.0
680.06497,C31H20O18,21973760.0
680.101355,C32H24O17,27288660.0
680.1224850000001,C29H28O19,37556960.0
680.13774,C33H28O16,18352112.0
680.15887,C30H32O18,36391464.0
680.1952550000001,C31H36O17,35186820.0
680.23164,C32H40O16,30559024.0
680.246895,C36H40O13,5568807.0
680.268025,C33H44O15,16276277.0
681.152482,C34H35O8N1S3,5315218.0
682.0442350000001,C30H18O19,14662692.0
682.08062,C31H22O18,34092996.0
682.138135,C29H30O19,30784080.0
682.1533900000001,C33H30O16,22158340.0
682.17452,C30H34O18,29860402.0
682.210905,C31H38O17,29616146.0
682.2261599999999,C35H38O14,9881766.0
682.24729,C32H42O16,18326366.0
684.09627,C31H24O18,40750196.0
684.153785,C29H32O19,24154504.0
684.16904,C33H32O16,22902576.0
684.1901700000001,C30H36O18,21472866.0
684.205425,C34H36O15,16640318.0
684.226555,C31H40O17,18523800.0
686.075535,C30H22O19,36377088.0
686.11192,C31H26O18,46256164.0
686.18469,C33H34O16,25714592.0
686.20582,C30H38O18,12050932.0
686.221075,C34H38O15,20950446.0
686.25746,C35H42O14,13597940.0
687.070784,C29H21O19N1,5883010.0
688.0548,C29H20O20,17222566.0
688.091185,C30H24O19,42149487.99999999
688.1275700000001,C31H28O18,44547024.0
688.163955,C32H32O17,35261872.0
688.20034,C33H36O16,27601956.0
688.236725,C34H40O15,23628522.0
688.27311,C35H44O14,13916602.0
690.0704499999999,C29H22O20,25196554.0
690.106835,C30H26O19,45979880.0
690.14322,C31H30O18,42868896.0
690.165686,C29H30O16N4,4695803.0
690.179605,C32H34O17,35080524.0
690.21599,C33H38O16,31062674.0
690.252375,C34H42O15,22576778.0
691.211239,C32H37O16N1,5141083.0
692.0861,C29H24O20,29700584.0
692.101355,C33H24O17,18530692.0
692.1224850000001,C30H28O19,42550624.0
692.15887,C31H32O18,37112236.0
692.1952550000001,C32H36O17,33552844.0
692.23164,C33H40O16,29815058.0
692.268025,C34H44O15,17938408.0
693.1177339999999,C29H27O19N1,7523665.0
693.154119,C30H31O18N1,5831737.0
694.0442350000001,C31H18O19,11602240.0
694.08062,C32H22O18,26071958.0
694.10175,C29H26O20,30743582.0
694.1170050000001,C33H26O17,23002138.0
694.138135,C30H30O19,34650156.0
694.1533900000001,C34H30O16,14863813.0
694.17452,C31H34O18,33555640.0
694.210905,C32H38O17,31605170.0
694.24729,C33H42O16,25601808.0
695.112254,C32H25O17N1,8274661.0
696.059885,C31H20O19,20234566.0
696.09627,C32H24O18,33303306.0
696.153785,C30H32O19,28410906.0
696.16904,C34H32O16,16604225.0
696.1901700000001,C31H36O18,29797752.0
696.205425,C35H36O15,14130279.0
696.226555,C32H40O17,25742686.0
696.26294,C33H44O16,14893389.0
698.075535,C31H22O19,33850508.0
698.11192,C32H26O18,39773124.0
698.169435,C30H34O19,21425958.0
698.18469,C34H34O16,21692508.0
698.20582,C31H38O18,20896688.0
698.242205,C32H42O17,15584852.0
699.143554,C32H29O17N1,6651566.0
699.1808060000001,C34H37O11N1S2,5438982.0
700.0548,C30H20O20,16217792.0
700.091185,C31H24O19,40316788.0
700.1275700000001,C32H28O18,41130160.0
700.163955,C33H32O17,31689884.0
700.20034,C34H36O16,25792090.0
700.236725,C35H40O15,17283794.0
702.0704499999999,C30H22O20,26591718.0
702.106835,C31H26O19,46381368.0
702.14322,C32H30O18,38809176.0
702.179605,C33H34O17,29874132.0
702.21599,C34H38O16,24627026.0
702.252375,C35H42O15,19936666.0
702.28876,C36H46O14,11302541.0
704.0861,C30H24O20,32315238.0
704.101355,C34H24O17,12444572.0
704.1224850000001,C31H28O19,45546216.0
704.15887,C32H32O18,38442068.0
704.181336,C30H32O16N4,4430893.0
704.1952550000001,C33H36O17,33489842.0
704.23164,C34H40O16,28683234.0
704.268025,C35H44O15,17415752.0
705.154119,C31H31O18N1,7405025.0
706.10175,C30H26O20,35847088.0
706.17452,C32H34O18,34989336.0
706.210905,C33H38O17,34102664.0
706.24729,C34H42O16,28241376.0
706.283675,C35H46O15,14267154.0
707.071847,C27H21O20N3,4651798.0
708.059885,C32H20O19,17695582.0
708.1174000000001,C30H28O20,33588960.0
708.1326550000001,C34H28O17,19964758.0
708.1901700000001,C32H36O18,32637008.0
708.226555,C33H40O17,30081664.0
708.26294,C34H44O16,21884814.0
708.2993250000001,C35H48O15,8459900.0
709.088364,C28H27O15N3S2,5211570.0
710.075535,C32H22O19,26579116.0
710.11192,C33H26O18,31055666.0
710.13305,C30H30O20,27026062.0
710.148305,C34H30O17,22532252.0
710.20582,C32H38O18,29199204.0
710.242205,C33H42O17,26161176.0
711.150296,C27H37O17N1S2,6142421.0
712.0548,C31H20O20,16182752.0
712.0767970000002,C29H28O17S2,4555299.0
712.091185,C32H24O19,34134936.0
712.1123150000001,C29H28O21,16965588.0
712.163955,C34H32O17,24095946.0
712.1850850000001,C31H36O19,20464396.0
712.20034,C35H36O16,19065252.0
712.22147,C32H40O18,21628676.0
712.236725,C36H40O15,13614588.0
712.2578550000001,C33H44O17,13943505.0
713.085783,C23H27O21N3S1,5746246.0
714.0704499999999,C31H22O20,27356838.0
714.106835,C32H26O19,41070048.0
714.179605,C34H34O17,28003574.0
714.200735,C31H38O19,15088370.0
714.21599,C35H38O16,21418954.0
715.102084,C31H25O19N1,7525059.0
716.0861,C31H24O20,33018954.0
716.101355,C35H24O17,7409417.0
716.1224850000001,C32H28O19,43542644.0
716.15887,C33H32O18,34406012.0
716.1952550000001,C34H36O17,29095986.0
716.23164,C35H40O16,23203000.0
716.268025,C36H44O15,16671026.0
718.08062,C34H22O18,11833540.0
718.10175,C31H26O20,40267420.0
718.138135,C32H30O19,39246556.0
718.17452,C33H34O18,33703244.0
718.210905,C34H38O17,30771838.0
718.24729,C35H42O16,24658992.0
718.283675,C36H46O15,15304678.0
720.0235,C32H16O20,4008136.0
720.09627,C34H24O18,18576416.0
720.1174000000001,C31H28O20,36622368.0
720.1326550000001,C35H28O17,13176071.0
720.153785,C32H32O19,34589200.0
720.1901700000001,C33H36O18,32911600.0
720.226555,C34H40O17,32355256.0
720.26294,C35H44O16,24622634.0
720.2993250000001,C36H48O15,11028868.0
722.075535,C33H22O19,21127492.0
722.096665,C30H26O21,23848192.0
722.11192,C34H26O18,22515460.0
722.13305,C31H30O20,31860030.0
722.169435,C32H34O19,31158000.0
722.20582,C33H38O18,31581308.0
722.221075,C37H38O15,7292737.0
722.242205,C34H42O17,26969076.0
722.258327,C39H46O9S2,3656311.0
722.27859,C35H46O16,17337184.0
723.1858139999999,C28H37O21N1,4475821.0
724.092052,C34H28O14S2,30137402.0
724.1275700000001,C34H28O18,26005612.0
724.1487,C31H32O20,27279484.0
724.1850850000001,C32H36O19,25984130.0
724.20034,C36H36O16,12167808.0
724.22147,C33H40O18,27918986.0
724.2578550000001,C34H44O17,19237436.0
725.093645,C26H23O20N5,7138523.0
725.143949,C30H31O20N1,4459029.0
726.0704499999999,C32H22O20,23474320.0
726.106835,C33H26O19,35264312.0
726.14322,C34H30O18,29021462.0
726.16435,C31H34O20,20701038.0
726.179605,C35H34O17,19817650.0
726.200735,C32H38O19,21075284.0
726.21599,C36H38O16,15927931.0
726.23712,C33H42O18,20205116.0
726.252375,C37H42O15,10975703.0
728.0861,C32H24O20,31128370.0
728.1224850000001,C33H28O19,38725940.0
728.15887,C34H32O18,29455446.0
728.216385,C32H40O19,12612554.0
728.23164,C36H40O16,18598966.0
728.25277,C33H44O18,10788144.0
728.268025,C37H44O15,12253693.0
728.289155,C34H48O17,4776196.0
730.0442350000001,C34H18O19,4329027.0
730.0653649999999,C31H22O21,16062284.0
730.10175,C32H26O20,35428036.0
730.138135,C33H30O19,37301344.0
730.17452,C34H34O18,29533426.0
730.210905,C35H38O17,25704216.0
730.24729,C36H42O16,20321638.0
730.283675,C37H46O15,13415613.0
732.1174000000001,C32H28O20,35527616.0
732.1901700000001,C34H36O18,32205454.0
732.226555,C35H40O17,26074146.0
732.26294,C36H44O16,21702908.0
733.301785,C30H47O16N5,6389864.0
734.096665,C31H26O21,26773888.0
734.13305,C32H30O20,33845440.0
734.169435,C33H34O19,31949270.0
734.20582,C34H38O18,30688764.0
734.242205,C35H42O17,28954164.0
734.27859,C36H46O16,19422300.0
736.091185,C34H24O19,22093458.0
736.1123150000001,C31H28O21,26860016.0
736.1275700000001,C35H28O18,18678836.0
736.1850850000001,C33H36O19,28076768.0
736.22147,C34H40O18,30377020.0
736.2578550000001,C35H44O17,24962530.0
736.2942400000001,C36H48O16,12496160.0
738.0704499999999,C33H22O20,19903036.0
738.106835,C34H26O19,29902480.0
738.16435,C32H34O20,25373792.0
738.179605,C36H34O17,16741629.0
738.200735,C33H38O19,26352814.0
738.21599,C37H38O16,11109446.0
738.23712,C34H42O18,25663198.0
738.2735050000001,C35H46O17,16042170.0
739.065048,C24H25O22N3S1,3942081.0
740.0861,C33H24O20,28113750.0
740.1224850000001,C34H28O19,30788662.0
740.15887,C35H32O18,23773618.0
740.1952550000001,C36H36O17,18729322.0
740.23164,C37H40O16,14836599.0
740.25277,C34H44O18,16638244.0
740.289155,C35H48O17,8318814.0
741.154986,C35H35O13N1S2,6248941.0
742.0653649999999,C32H22O21,16251167.0
742.087362,C30H30O18S2,4576269.0
742.10175,C33H26O20,34219448.0
742.24729,C37H42O16,17642334.0
743.13088,C37H29O14N1S1,6802067.0
743.1706360000001,C35H37O13N1S2,6152526.0
744.1174000000001,C33H28O20,36183540.0
744.153785,C34H32O19,31946522.0
744.1901700000001,C35H36O18,26866220.0
744.226555,C36H40O17,23774932.0
744.26294,C37H44O16,18120846.0
744.2993250000001,C38H48O15,10018762.0
744.337046,C40H48O10N4,3882637.0
746.096665,C32H26O21,28372342.0
746.13305,C33H30O20,36549472.0
746.169435,C34H34O19,30743784.0
746.20582,C35H38O18,27075312.0
746.242205,C36H42O17,26238558.0
746.27859,C37H46O16,18522076.0
748.07593,C31H24O22,13809333.0
748.1123150000001,C32H28O21,30270970.0
748.1487,C33H32O20,29592700.0
748.1850850000001,C34H36O19,28404450.0
748.22147,C35H40O18,27387714.0
748.2578550000001,C36H44O17,23552542.0
750.0704499999999,C34H22O20,15194534.0
750.14322,C36H30O18,17722646.0
750.16435,C33H34O20,28137722.0
750.200735,C34H38O19,29327636.0
750.23712,C35H42O18,26949390.0
750.2735050000001,C36H46O17,20321724.0
750.3471420000001,C39H58O10S2,4089874.0
752.0861,C34H24O20,22036340.0
752.15887,C36H32O18,17520220.0
752.216385,C34H40O19,26164976.0
752.23164,C38H40O16,9291469.0
752.25277,C35H44O18,23358316.0
752.289155,C36H48O17,12334843.0
753.111208,C33H27O16N3S1,6415983.0
754.0653649999999,C33H22O21,16933768.0
754.10175,C34H26O20,28498216.0
754.19565,C33H38O20,18935632.0
754.210905,C37H38O17,15105969.0
754.232035,C34H42O19,19557394.0
754.24729,C38H42O16,13301110.0
755.1632430000001,C34H33O15N3S1,7386208.0
755.202132,C31H37O19N3,5614850.0
756.081015,C33H24O21,22256956.0
756.1174000000001,C34H28O20,32367942.0
756.1901700000001,C36H36O18,22153584.0
756.2112999999999,C33H40O20,13702512.0
757.1847680000001,C27H39O20N3S1,5905221.0
758.096665,C33H26O21,28589366.0
758.13305,C34H30O20,33959908.0
758.20582,C36H38O18,23435580.0
758.242205,C37H42O17,21440786.0
758.27859,C38H46O16,14451277.0
758.29972,C35H50O18,3677925.0
760.091185,C36H24O19,10279368.0
760.1123150000001,C33H28O21,31296848.0
760.1487,C34H32O20,30690634.0
760.2578550000001,C37H44O17,23334826.0
760.2942400000001,C38H48O16,14107547.0
762.127965,C33H30O21,29335804.0
762.200735,C35H38O19,27625722.0
762.219361,C36H42O16S1,4172279.0
762.23712,C36H42O18,26891272.0
762.2735050000001,C37H46O17,20615464.0
764.0861,C35H24O20,18518256.0
764.143615,C33H32O21,25505018.0
764.1800000000001,C34H36O20,25814310.0
764.216385,C35H40O19,27116410.0
764.25277,C36H44O18,24764272.0
764.289155,C37H48O17,16522238.0
766.10175,C35H26O20,22990826.0
766.12288,C32H30O22,19651824.0
766.138135,C36H30O19,21853006.0
766.19565,C34H38O20,23676804.0
766.2684200000001,C36H46O18,19517256.0
766.304805,C37H50O17,9061895.0
767.1765110000001,C30H41O18N1S2,4879255.0
768.0454970000001,C34H24O17S2,4846820.0
768.081015,C34H24O21,19047618.0
768.247685,C35H44O19,16745128.0
768.28407,C36H48O18,10735033.0
768.320455,C37H52O17,4463223.0
769.1458789999999,C31H35O16N3S2,5552474.0
769.2649309999999,C32H51O16N1S2,4419143.0
769.2880480000001,C38H47O12N3S1,5564451.0
770.0602799999999,C33H22O22,9990731.0
770.096665,C34H26O21,27004020.0
770.13305,C35H30O20,30117560.0
770.20582,C37H38O18,19789070.0
770.242205,C38H42O17,16258737.0
770.2633350000001,C35H46O19,9278570.0
770.27859,C39H46O16,11390393.0
771.066762,C31H21O21N3,4898981.0
772.1123150000001,C34H28O21,28554732.0
772.2578550000001,C38H44O17,17259308.0
772.29424,C39H48O16,11436395.0
774.09158,C33H26O22,18806770.0
774.127965,C34H30O21,29381688.0
774.16435,C35H34O20,28028368.0
774.23712,C37H42O18,22703886.0
774.2735050000001,C38H46O17,18293412.0
776.0861,C36H24O20,11007031.0
776.1072300000001,C33H28O22,21942432.0
776.143615,C34H32O21,27919040.0
776.1800000000001,C35H36O20,25294976.0
776.1961220000001,C40H40O12S2,5254718.0
776.216385,C36H40O19,26217964.0
776.25277,C37H44O18,24007224.0
776.289155,C38H48O17,16349531.0
777.0880910000001,C29H31O20N1S2,4887675.0
778.12288,C33H30O22,22378726.0
778.232035,C36H42O19,25060662.0
778.2684200000001,C37H46O18,22762696.0
780.081015,C35H24O21,16429513.0
780.1901700000001,C38H36O18,11834718.0
780.247685,C36H44O19,22452780.0
780.28407,C37H48O18,14826959.0
780.299325,C41H48O15,5651723.0
781.2152780000001,C37H39O14N3S1,8334092.0
781.228546,C32H47O17N1S2,4407201.0
782.0797729999999,C36H30O14S3,3707430.0
782.22695,C35H42O20,16284502.0
782.2633350000001,C36H46O19,16208440.0
783.127648,C27H33O22N3S1,5717777.0
784.1123150000001,C35H28O21,26160482.0
784.22147,C38H40O18,17670976.0
784.2578550000001,C39H44O17,14344693.0
786.09158,C34H26O22,21054486.0
786.109555,C27H34O21N2S2,6017426.0
786.2582500000001,C35H46O20,6111366.0
786.2735050000001,C39H46O17,16293178.0
786.30989,C40H50O16,9204246.0
786.346275,C41H54O15,4446517.0
788.049715,C36H20O21,4518984.0
788.1072300000001,C34H28O22,25456038.0
788.143615,C35H32O21,29224068.0
788.216385,C37H40O19,22753180.0
788.25277,C38H44O18,21379586.0
788.2891549999999,C39H48O17,14905047.0
790.232035,C37H42O19,24400932.0
790.2684200000001,C38H46O18,21251964.0
790.304805,C39H50O17,14441197.0
791.0904730000001,C35H25O17N3S1,4657745.0
791.1028739999999,C29H29O25N1,5082945.0
792.0691310000001,C29H28O24S1,3865681.0
792.226555,C40H40O17,5551682.0
792.28407,C38H48O18,17681836.0
792.35684,C40H56O16,3656906.0
793.142508,C36H31O16N3S1,7223639.0
794.096665,C36H26O21,19243698.0
794.13305,C37H30O20,18670818.0
794.190565,C35H38O21,19784272.0
794.22695,C36H42O20,21463008.0
794.2633350000001,C37H46O19,18527304.0
794.29972,C38H50O18,11314673.0
795.207811,C32H45O18N1S2,3866782.0
796.2062149999999,C35H40O21,18274816.0
796.22147,C39H40O18,12141173.0
796.2426,C36H44O20,17033840.0
796.2578550000001,C40H44O17,10374216.0
796.29424,C41H48O16,7947306.0
796.3306249999999,C42H52O15,5457270.0
798.0704499999999,C38H22O20,4422818.0
798.09158,C35H26O22,18586270.0
798.221865,C35H42O21,13017777.0
800.25277,C39H44O18,18007030.0
802.12288,C35H30O22,25325234.0
804.13853,C35H32O22,24972380.0
804.2112999999999,C37H40O20,23562886.0
804.247685,C38H44O19,22633458.0
804.2840699999999,C39H48O18,17969856.0
804.3543360000001,C45H56O11S1,3869466.0
806.097532,C38H30O16S2,15730689.0
806.15418,C35H34O22,20632496.0
806.190565,C36H38O21,22057900.0
806.2058200000001,C40H38O18,8267256.0
806.22695,C37H42O20,22883784.0
806.2633350000001,C38H46O19,20632534.0
808.07593,C36H24O22,11022551.0
808.16983,C35H36O22,18213836.0
808.1850850000001,C39H36O19,12436179.0
808.2426,C37H44O20,18821990.0
808.2578550000001,C41H44O17,5916238.0
808.278985,C38H48O19,15758354.0
810.09158,C36H26O22,16872280.0
810.127965,C37H30O21,21785240.0
810.221865,C36H42O21,16810766.0
810.2582500000001,C37H46O20,15379774.0
810.3310200000001,C39H54O18,4221202.0
811.1663410000001,C31H41O20N1S2,5852751.0
812.0894710000001,C36H28O20S1,3926623.0
812.1072300000001,C36H28O22,20784460.0
812.216385,C39H40O19,15867724.0
812.237515,C36H44O21,10951716.0
812.25277,C40H44O18,13543672.0
812.2739,C37H48O20,9710771.0
812.363261,C44H52O11N4,3690903.0
814.0653649999999,C38H22O21,3754087.0
816.13853,C36H32O22,24866978.0
816.247685,C39H44O19,19841796.0
816.2840699999999,C40H48O18,15398845.0
816.320455,C41H52O17,9384367.0
818.063651,C34H26O22S1,4075455.0
818.22695,C38H42O20,20377812.0
818.2633350000001,C39H46O19,20226930.0
818.29972,C40H50O18,14513945.0
820.07593,C37H24O22,10237990.0
820.16983,C36H36O22,18309212.0
820.2062149999999,C37H40O21,18831042.0
820.2208190000001,C33H44O20N2S1,6127338.0
820.258722,C43H48O12S2,3721249.0
820.31537,C40H52O18,10949779.0
820.3517550000001,C41H56O17,5185431.0
822.18548,C36H38O22,17328076.0
822.2582500000001,C38H46O20,17003592.0
822.294635,C39H50O19,12761967.0
823.155577,C33H33O22N3,4653069.0
824.092842,C34H32O20S2,4021170.0
824.216385,C40H40O19,12154526.0
825.218376,C33H47O19N1S2,4915110.0
825.2778780000001,C40H47O14N3S1,4044458.0
826.1084920000001,C34H34O20S2,5035848.0
826.232035,C40H42O19,14085654.0
826.304805,C42H50O17,9021562.0
826.34119,C43H54O16,4784667.0
827.15201,C41H33O16N1S1,4910188.0
828.1021450000001,C36H28O23,16942836.0
828.247685,C40H44O19,15540442.0
828.35684,C43H56O16,4235823.0
830.15418,C37H34O22,20412930.0
830.22695,C39H42O20,18752310.0
830.2633350000001,C40H46O19,18058486.0
830.29972,C41H50O18,14865773.0
832.133445,C36H32O23,19979264.0
832.16983,C37H36O22,20075108.0
832.2248410000001,C39H44O18S1,3973779.0
832.2426,C39H44O20,20350826.0
832.2789849999999,C40H48O19,18960682.0
832.31537,C41H52O18,11629736.0
834.076325,C34H26O25,4063408.0
834.149095,C36H34O23,17401180.0
834.2582500000001,C39H46O20,20120158.0
834.294635,C40H50O19,16906176.0
836.1072300000001,C38H28O22,14247542.0
836.237515,C38H44O21,17525148.0
836.2738999999999,C39H48O20,15589119.0
836.2891549999999,C43H48O17,4813716.0
836.310285,C40H52O19,10423328.0
838.087362,C38H30O18S2,12310131.0
838.159265,C39H34O21,18155408.0
838.2531650000001,C38H46O21,14253097.0
838.28955,C39H50O20,11628438.0
838.34119,C44H54O16,3788187.0
839.0884860000001,C30H33O23N1S2,5617371.0
839.1612560000001,C32H41O21N1S2,6511454.0
839.2385170000001,C39H41O18N3,4171045.0
840.2840699999999,C42H48O18,9761040.0
842.136421,C38H34O20S1,4674530.0
842.3208500000001,C39H54O20,3667057.0
843.18331,C42H37O16N1S1,3862084.0
844.133445,C37H32O23,18177214.0
844.2426,C40H44O20,16060248.0
844.2789849999999,C41H48O19,14754387.0
844.31537,C42H52O18,10836261.0
846.149095,C37H34O23,16063534.0
846.204106,C39H42O19S1,3946856.0
846.222732,C40H46O16S2,15316561.0
846.2582500000001,C40H46O20,15641711.0
846.294635,C41H50O19,11950875.0
847.1166880000001,C38H29O18N3S1,4241671.0
846.2582500000001,C40H46O20,5954592.0
848.091975,C35H28O25,4673256.0
848.2738999999999,C40H48O20,13040160.0
848.310285,C41H52O19,8347636.0
850.1803950000001,C37H38O23,11764613.0
850.232035,C42H42O19,5704266.0
850.28955,C40H50O20,12532896.0
851.1504920000001,C34H33O23N3,4496414.0
851.1612560000001,C33H41O21N1S2,4926936.0
852.1969120000001,C38H44O18S2,12373284.0
852.247685,C42H44O19,9193641.0
852.3052,C40H52O20,9150798.0
853.104605,C31H27O24N5,6243394.0
853.202527,C35H39O22N3,4055465.0
853.28653,C36H47O19N5,3980209.0
854.1177950000001,C38H30O23,18175000.0
854.1905650000001,C40H38O21,15357785.0
854.22695,C41H42O20,13163027.0
856.07593,C40H24O22,5075001.0
856.09706,C37H28O24,12789061.0
856.133445,C38H32O23,19481536.0
856.2426,C41H44O20,16065719.0
856.300115,C39H52O21,4529113.0
856.31537,C43H52O18,9409739.0
858.055195,C39H22O23,3832556.0
858.09158,C40H26O22,6355499.0
858.149095,C38H34O23,19916942.0
858.168588,C40H42O15S3,4006634.0
858.18548,C39H38O22,17588498.0
858.2582500000001,C41H46O20,15645431.0
858.367405,C44H58O17,3840488.0
860.183371,C39H40O20S1,5199804.0
860.237515,C40H44O21,18448644.0
860.2738999999999,C41H48O20,15992066.0
861.241493,C42H43O15N3S1,6583694.0
862.1803950000001,C38H38O23,15528486.0
862.21678,C39H42O22,15423595.0
862.28955,C41H50O20,14452143.0
863.124004,C32H33O27N1,3982689.0
864.196045,C38H40O23,15003632.0
864.23243,C39H44O22,14754939.0
864.247685,C43H44O19,7047145.0
865.129757,C34H31O24N3,4257991.0
866.1025400000001,C35H30O26,5221421.0
866.1177950000001,C39H30O23,15392460.0
866.2480800000001,C39H46O22,12334856.0
866.284465,C40H50O21,13216870.0
867.192556,C34H45O21N1S2,4267057.0
868.228212,C39H48O18S2,10371652.0
868.353091,C46H52O13N4,3894820.0
869.270212,C37H47O21N3,3707241.0
870.1127100000001,C38H30O24,15058508.0
870.13384,C35H34O26,4502112.0
870.294635,C43H50O19,11713700.0
872.183371,C40H40O20S1,4968212.0
874.07124,C36H26O26,3780612.0
874.14401,C38H34O24,15586934.0
874.2531650000001,C41H46O21,17363302.0
874.28955,C42H50O20,13304451.0
874.3259350000001,C43H54O19,10042540.0
875.114107,C35H29O24N3,3800727.0
876.06576,C39H24O24,3769001.0
876.160527,C39H40O19S2,14082937.0
876.2112999999999,C43H40O20,6418861.0
876.23243,C40H44O22,14832897.0
876.2688149999999,C41H48O21,15301265.0
876.3052,C42H52O20,12887802.0
877.140521,C34H39O22N1S2,5027638.0
878.2125620000002,C40H46O18S2,13748757.0
878.2480800000001,C40H46O22,14468918.0
878.284465,C41H50O21,13542861.0
880.09706,C39H28O24,10444033.0
880.2426,C43H44O20,9418556.0
880.31537,C45H52O18,4244445.0
881.2445909999999,C36H51O20N1S2,3897646.0
881.2677080000001,C42H47O16N3S1,3661464.0
882.1127100000001,C39H30O24,13369255.0
882.149095,C40H34O23,16263959.0
884.12836,C39H32O24,15502160.0
884.164745,C40H36O23,15442523.0
884.310285,C44H52O19,8332643.0
886.1448770000002,C40H38O19S2,16270228.0
886.1812620000001,C41H42O18S2,15041943.0
886.254032,C43H50O16S2,15075181.0
886.28955,C43H50O20,10775793.0
886.3259350000001,C44H54O19,8996312.0
888.15966,C39H36O24,14773860.0
888.2146710000001,C41H44O20S1,4766845.0
888.2688149999999,C42H48O21,13392718.0
888.3052,C43H52O20,12457708.0
888.3415850000001,C44H56O19,8038913.0
890.117795,C41H30O23,10743151.0
890.3208500000001,C43H54O20,9568534.0
892.11819,C37H32O26,6329754.0
892.19096,C39H40O24,12414256.0
893.231323,C42H43O17N3S1,4668356.0
894.1347069999999,C38H38O21S2,6145285.0
894.149095,C41H34O23,12790340.0
894.1863470000001,C43H42O17S2,12871736.0
894.20661,C39H42O24,10321221.0
896.165612,C42H40O18S2,13835291.0
897.098457,C37H27O24N3,3694958.0
897.1957280000001,C33H43O24N3S1,4627389.0
898.1453459999999,C41H30O20N4,15090340.0
898.36232,C46H58O18,3688345.0
899.257143,C45H45O15N3S1,3933205.0
900.090261,C35H32O26S1,4204486.0
900.1393970000001,C44H36O17S2,5856517.0
900.2688149999999,C43H48O21,11958844.0
900.37797,C46H60O18,3784695.0
902.284465,C43H50O21,13172352.0
904.19096,C40H40O24,12495284.0
904.227345,C41H44O23,13061814.0
906.077192,C41H30O20S2,5239057.999999999
906.222732,C45H46O16S2,8126271.0
906.243862,C42H50O18S2,12441369.0
906.315765,C43H54O21,9107675.0
906.3555210000001,C41H62O20S1,3724963.0
909.1667360000001,C35H43O23N1S2,4043654.0
911.1798819999999,C39H45O18N1S3,4922006.0
912.123275,C40H32O25,10907840.0
912.2688149999999,C44H48O21,8677937.0
914.138925,C40H34O25,11758819.0
914.1753100000001,C41H38O24,11216179.0
914.284465,C44H50O21,8909463.0
918.171092,C41H42O20S2,11102907.0
918.1863470000001,C45H42O17S2,8219023.0
919.206097,C38H49O19N1S3,3776632.0
922.07124,C40H26O26,4243184.0
922.23791,C41H46O24,8319038.0
922.274295,C42H50O23,9018990.0
922.28955,C46H50O20,4374663.0
924.08689,C40H28O26,5122361.0
924.3052,C46H52O20,5819157.0
924.3238260000002,C47H56O17S1,4000871.0
926.138925,C41H34O25,11450900.0
926.1753100000001,C42H38O24,10757521.0
926.306462,C43H58O18S2,4128298.0
926.357235,C47H58O19,4801553.0
930.098322,C40H34O22S2,3666365.0
930.1351759999999,C41H30O22N4,9040236.0
930.2802470000001,C45H54O17S2,10719324.0
932.1867420000001,C42H44O20S2,10209684.0
934.1651400000001,C40H38O26,7867856.0
934.2015250000001,C41H42O25,8795127.0
934.31068,C44H54O22,8398295.0
935.143497,C40H41O19N1S3,4246394.0
936.123275,C42H32O25,9224400.0
936.217175,C41H44O25,8481510.0
939.2475669999999,C42H53O17N1S3,3833895.0
940.081805,C40H28O27,4084146.0
942.11271,C44H30O24,4209247.0
943.322247,C44H53O20N3,4287901.0
944.2595120000001,C45H52O18S2,11061379.0
949.125266,C36H39O25N1S2,3672568.0
952.082672,C42H32O22S2,4238633.0
956.223127,C45H48O19S2,9241487.0
956.259981,C46H44O19N4,8686714.0
957.192357,C41H39O24N3,3691162.0
960.087757,C44H32O21S2,3718028.0
960.1969120000001,C47H44O18S2,4440767.0
962.158418,C46H42O17S3,5249575.0
964.1765720000001,C42H44O22S2,5297379.000000001
964.28486,C44H52O24,6404223.0
964.35763,C46H60O22,3984434.0
966.315765,C48H54O21,3908534.0
968.29503,C47H52O22,5295710.0
968.3678,C49H60O20,3687336.0
968.29503,C47H52O22,3988262.0
972.10802,C41H32O28,3820119.0
974.105911,C41H34O26S1,4374976.0
974.1786810000001,C43H42O24S1,5544836.0
978.243862,C48H50O18S2,3846248.0
979.2130920000001,C44H41O23N3,3763348.0
980.113105,C43H32O27,4368618.0
980.258645,C47H48O23,5544575.0
983.1327330000001,C45H33O21N3S1,3742640.0
986.12367,C42H34O28,5267157.0
988.13932,C42H36O28,4114234.0
988.19096,C47H40O24,4313491.0
990.15497,C42H38O28,4600391.0
990.37328,C48H62O22,3718755.0
991.1953330000001,C45H41O21N3S1,3983795.0
994.311547,C50H58O17S2,3908137.0
998.1245370000001,C44H38O23S2,5171239.0
