Source,Target,Weight,colour
C7H10O5,C11H18O7,1,1
C9H15O4N1,C13H23O6N1,1,1
C8H13O5N1,C12H21O7N1,1,1
C9H12O7,C13H20O9,1,1
C8H11O5N1S1,C12H19O7N1S1,1,1
C8H10O6S1,C12H18O8S1,1,1
C12H12O5,C16H20O7,1,1
C9H18O5S1,C13H26O7S1,1,1
C11H12O6,C15H20O8,1,1
C10H15O4N3,C14H23O6N3,1,1
C12H21O4N1,C16H29O6N1,1,1
C8H8O5N2S1,C12H16O7N2S1,1,1
C10H12O7,C14H20O9,1,1
C10H15O6N1,C14H23O8N1,1,1
C11H19O5N1,C15H27O7N1,1,1
C10H14O7,C14H22O9,1,1
C9H13O7N1,C13H21O9N1,1,1
C10H20O5S1,C14H28O7S1,1,1
C11H17O4N3,C15H25O6N3,1,1
C14H25O3N1,C18H33O5N1,1,1
C11H12O7,C15H20O9,1,1
C11H15O6N1,C15H23O8N1,1,1
C12H19O5N1,C16H27O7N1,1,1
C13H23O4N1,C17H31O6N1,1,1
C11H14O7,C15H22O9,1,1
C11H18O5N2,C15H26O7N2,1,1
C11H17O6N1,C15H25O8N1,1,1
C10H17O5N3,C14H25O7N3,1,1
C12H21O5N1,C16H29O7N1,1,1
C10H12O8,C14H20O10,1,1
C10H16O6N2,C14H24O8N2,1,1
C10H15O7N1,C14H23O9N1,1,1
C9H10O7S1,C13H18O9S1,1,1
C12H19O4N3,C16H27O6N3,1,1
C14H23O4N1,C18H31O6N1,1,1
C15H27O3N1,C19H35O5N1,1,1
C12H17O6N1,C16H25O8N1,1,1
C13H21O5N1,C17H29O7N1,1,1
C14H25O4N1,C18H33O6N1,1,1
C11H12O8,C15H20O10,1,1
C10H11O6N1S1,C14H19O8N1S1,1,1
C11H15O7N1,C15H23O9N1,1,1
C12H19O6N1,C16H27O8N1,1,1
C11H19O5N3,C15H27O7N3,1,1
C16H19O3N1,C20H27O5N1,1,1
C11H14O8,C15H22O10,1,1
C11H18O6N2,C15H26O8N2,1,1
C12H21O6N1,C16H29O8N1,1,1
C15H21O4N1,C19H29O6N1,1,1
C13H20O3N4,C17H28O5N4,1,1
C11H9O6N1S1,C15H17O8N1S1,1,1
C14H21O5N1,C18H29O7N1,1,1
C15H25O4N1,C19H33O6N1,1,1
C14H25O3N3,C18H33O5N3,1,1
C13H19O6N1,C17H27O8N1,1,1
C14H23O5N1,C18H31O7N1,1,1
C12H17O7N1,C16H25O9N1,1,1
C11H17O6N3,C15H25O8N3,1,1
C13H21O6N1,C17H29O8N1,1,1
C12H21O5N3,C16H29O7N3,1,1
C14H25O5N1,C18H33O7N1,1,1
C11H12O9,C15H20O11,1,1
C11H14O9,C15H22O11,1,1
C14H22O3N4,C18H30O5N4,1,1
C15H21O5N1,C19H29O7N1,1,1
C16H25O4N1,C20H33O6N1,1,1
C14H19O6N1,C18H27O8N1,1,1
C18H19O3N1,C22H27O5N1,1,1
C15H23O5N1,C19H31O7N1,1,1
C16H27O4N1,C20H35O6N1,1,1
C13H17O7N1,C17H25O9N1,1,1
C14H21O6N1,C18H29O8N1,1,1
C15H25O5N1,C19H33O7N1,1,1
C12H15O8N1,C16H23O10N1,1,1
C13H19O7N1,C17H27O9N1,1,1
C12H19O6N3,C16H27O8N3,1,1
C14H23O6N1,C18H31O8N1,1,1
C12H14O9,C16H22O11,1,1
C11H17O5N3S1,C15H25O7N3S1,1,1
C17H25O2N3,C21H33O4N3,1,1
C12H16O9,C16H24O11,1,1
C16H21O5N1,C20H29O7N1,1,1
C17H25O4N1,C21H33O6N1,1,1
C15H24O3N4,C19H32O5N4,1,1
C14H15O7N1,C18H23O9N1,1,1
C16H23O5N1,C20H31O7N1,1,1
C17H27O4N1,C21H35O6N1,1,1
C13H13O8N1,C17H21O10N1,1,1
C14H17O7N1,C18H25O9N1,1,1
C18H17O4N1,C22H25O6N1,1,1
C16H25O5N1,C20H33O7N1,1,1
C13H15O8N1,C17H23O10N1,1,1
C17H15O5N1,C21H23O7N1,1,1
C14H19O7N1,C18H27O9N1,1,1
C15H23O6N1,C19H31O8N1,1,1
C16H27O5N1,C20H35O7N1,1,1
C12H18O6N4,C16H26O8N4,1,1
C13H17O8N1,C17H25O10N1,1,1
C12H17O7N3,C16H25O9N3,1,1
C17H17O5N1,C21H25O7N1,1,1
C13H21O6N3,C17H29O8N3,1,1
C15H25O6N1,C19H33O8N1,1,1
C16H29O5N1,C20H37O7N1,1,1
C16H15O6N1,C20H23O8N1,1,1
C14H23O7N1,C18H31O9N1,1,1
C12H14O10,C16H22O12,1,1
C16H18O5N2,C20H26O7N2,1,1
C14H13O6N3,C18H21O8N3,1,1
C16H21O4N3,C20H29O6N3,1,1
C14H12O7N2,C18H20O9N2,1,1
C15H16O6N2,C19H24O8N2,1,1
C15H15O7N1,C19H23O9N1,1,1
C15H19O5N3,C19H27O7N3,1,1
C17H23O5N1,C21H31O7N1,1,1
C18H27O4N1,C22H35O6N1,1,1
C14H14O7N2,C18H22O9N2,1,1
C15H18O6N2,C19H26O8N2,1,1
C16H21O6N1,C20H29O8N1,1,1
C18H29O4N1,C22H37O6N1,1,1
C10H16O8N2S1,C14H24O10N2S1,1,1
C14H16O7N2,C18H24O9N2,1,1
C13H16O6N4,C17H24O8N4,1,1
C14H20O5N4,C18H28O7N4,1,1
C15H24O4N4,C19H32O6N4,1,1
C14H15O8N1,C18H23O10N1,1,1
C17H15O4N3,C21H23O6N3,1,1
C15H19O7N1,C19H27O9N1,1,1
C14H19O6N3,C18H27O8N3,1,1
C16H23O6N1,C20H31O8N1,1,1
C15H23O5N3,C19H31O7N3,1,1
C17H27O5N1,C21H35O7N1,1,1
C13H18O6N4,C17H26O8N4,1,1
C17H18O3N4,C21H26O5N4,1,1
C14H17O8N1,C18H25O10N1,1,1
C17H17O4N3,C21H25O6N3,1,1
C14H21O6N3,C18H29O8N3,1,1
C16H25O6N1,C20H33O8N1,1,1
C15H25O5N3,C19H33O7N3,1,1
C17H29O5N1,C21H37O7N1,1,1
C17H16O5N2,C21H24O7N2,1,1
C16H16O4N4,C20H24O6N4,1,1
C13H20O6N4,C17H28O8N4,1,1
C13H15O9N1,C17H23O11N1,1,1
C17H15O6N1,C21H23O8N1,1,1
C16H15O5N3,C20H23O7N3,1,1
C14H19O8N1,C18H27O10N1,1,1
C17H19O4N3,C21H27O6N3,1,1
C18H23O3N3,C22H31O5N3,1,1
C16H14O6N2,C20H22O8N2,1,1
C16H18O4N4,C20H26O6N4,1,1
C15H13O6N3,C19H21O8N3,1,1
C17H17O6N1,C21H25O8N1,1,1
C16H17O5N3,C20H25O7N3,1,1
C13H21O7N3,C17H29O9N3,1,1
C17H21O4N3,C21H29O6N3,1,1
C15H12O7N2,C19H20O9N2,1,1
C16H16O6N2,C20H24O8N2,1,1
C15H16O5N4,C19H24O7N4,1,1
C16H20O4N4,C20H28O6N4,1,1
C16H15O7N1,C20H23O9N1,1,1
C15H15O6N3,C19H23O8N3,1,1
C16H19O5N3,C20H27O7N3,1,1
C15H14O7N2,C19H22O9N2,1,1
C16H18O6N2,C20H26O8N2,1,1
C15H18O5N4,C19H26O7N4,1,1
C16H22O4N4,C20H30O6N4,1,1
C14H13O7N3,C18H21O9N3,1,1
C16H17O7N1,C20H25O9N1,1,1
C15H17O6N3,C19H25O8N3,1,1
C16H21O5N3,C20H29O7N3,1,1
C14H12O6N2S1,C18H20O8N2S1,1,1
C15H16O7N2,C19H24O9N2,1,1
C15H20O5N4,C19H28O7N4,1,1
C16H24O4N4,C20H32O6N4,1,1
C16H19O7N1,C20H27O9N1,1,1
C15H19O6N3,C19H27O8N3,1,1
C14H19O5N5,C18H27O7N5,1,1
C19H19O3N3,C23H27O5N3,1,1
C17H23O6N1,C21H31O8N1,1,1
C18H27O5N1,C22H35O7N1,1,1
C15H18O7N2,C19H26O9N2,1,1
C15H22O5N4,C19H30O7N4,1,1
C16H26O4N4,C20H34O6N4,1,1
C15H17O8N1,C19H25O10N1,1,1
C18H17O4N3,C22H25O6N3,1,1
C16H21O7N1,C20H29O9N1,1,1
C17H25O6N1,C21H33O8N1,1,1
C14H20O6N4,C18H28O8N4,1,1
C15H24O5N4,C19H32O7N4,1,1
C14H15O9N1,C18H23O11N1,1,1
C17H15O5N3,C21H23O7N3,1,1
C16H23O7N1,C20H31O9N1,1,1
C15H23O6N3,C19H31O8N3,1,1
C17H27O6N1,C21H35O8N1,1,1
C16H14O5N4,C20H22O7N4,1,1
C17H18O4N4,C21H26O6N4,1,1
C14H22O6N4,C18H30O8N4,1,1
C18H17O6N1,C22H25O8N1,1,1
C17H17O5N3,C21H25O7N3,1,1
C16H12O7N2,C20H20O9N2,1,1
C17H16O6N2,C21H24O8N2,1,1
C13H20O7N4,C17H28O9N4,1,1
C17H20O4N4,C21H28O6N4,1,1
C14H24O6N4,C18H32O8N4,1,1
C18H24O3N4,C22H32O5N4,1,1
C17H15O7N1,C21H23O9N1,1,1
C16H15O6N3,C20H23O8N3,1,1
C17H19O5N3,C21H27O7N3,1,1
C14H23O5N3S1,C18H31O7N3S1,1,1
C16H19O4N5,C20H27O6N5,1,1
C16H14O7N2,C20H22O9N2,1,1
C15H14O6N4,C19H22O8N4,1,1
C17H18O6N2,C21H26O8N2,1,1
C16H18O5N4,C20H26O7N4,1,1
C17H22O4N4,C21H30O6N4,1,1
C17H17O7N1,C21H25O9N1,1,1
C16H17O6N3,C20H25O8N3,1,1
C17H21O5N3,C21H29O7N3,1,1
C15H12O8N2,C19H20O10N2,1,1
C16H16O7N2,C20H24O9N2,1,1
C16H20O5N4,C20H28O7N4,1,1
C16H28O6S1,C20H36O8S1,1,1
C17H24O4N4,C21H32O6N4,1,1
C16H15O8N1,C20H23O10N1,1,1
C16H19O6N3,C20H27O8N3,1,1
C15H19O5N5,C19H27O7N5,1,1
C15H14O8N2,C19H22O10N2,1,1
C16H18O7N2,C20H26O9N2,1,1
C15H18O6N4,C19H26O8N4,1,1
C15H26O7S1,C19H34O9S1,1,1
C16H22O5N4,C20H30O7N4,1,1
C17H26O4N4,C21H34O6N4,1,1
C14H13O8N3,C18H21O10N3,1,1
C17H21O7N1,C21H29O9N1,1,1
C15H21O5N5,C19H29O7N5,1,1
C16H24O5N4,C20H32O7N4,1,1
C17H28O4N4,C21H36O6N4,1,1
C15H19O5N3S1,C19H27O7N3S1,1,1
C16H19O8N1,C20H27O10N1,1,1
C19H19O4N3,C23H27O6N3,1,1
C18H27O6N1,C22H35O8N1,1,1
C14H18O7N4,C18H26O9N4,1,1
C15H22O6N4,C19H30O8N4,1,1
C16H34O6S1,C20H42O8S1,1,1
C15H17O9N1,C19H25O11N1,1,1
C18H17O5N3,C22H25O7N3,1,1
C19H21O4N3,C23H29O6N3,1,1
C18H29O6N1,C22H37O8N1,1,1
C17H16O5N4,C21H24O7N4,1,1
C18H15O7N1,C22H23O9N1,1,1
C18H19O5N3,C22H27O7N3,1,1
C15H23O7N3,C19H31O9N3,1,1
C18H14O8,C22H22O10,1,1
C18H18O6N2,C22H26O8N2,1,1
C18H22O4N4,C22H30O6N4,1,1
C18H17O7N1,C22H25O9N1,1,1
C17H17O6N3,C21H25O8N3,1,1
C17H21O4N5,C21H29O6N5,1,1
C17H16O7N2,C21H24O9N2,1,1
C16H16O6N4,C20H24O8N4,1,1
C18H20O6N2,C22H28O8N2,1,1
C17H20O5N4,C21H28O7N4,1,1
C18H24O4N4,C22H32O6N4,1,1
C18H19O7N1,C22H27O9N1,1,1
C17H19O6N3,C21H27O8N3,1,1
C16H19O5N5,C20H27O7N5,1,1
C19H23O6N1,C23H31O8N1,1,1
C18H23O5N3,C22H31O7N3,1,1
C16H14O8N2,C20H22O10N2,1,1
C14H22O9N2,C18H30O11N2,1,1
C17H22O5N4,C21H30O7N4,1,1
C17H17O8N1,C21H25O10N1,1,1
C15H17O6N5,C19H25O8N5,1,1
C17H21O6N3,C21H29O8N3,1,1
C16H21O5N5,C20H29O7N5,1,1
C16H16O8N2,C20H24O10N2,1,1
C15H16O7N4,C19H24O9N4,1,1
C16H20O6N4,C20H28O8N4,1,1
C18H28O4N4,C22H36O6N4,1,1
C17H19O8N1,C21H27O10N1,1,1
C16H23O5N5,C20H31O7N5,1,1
C16H22O6N4,C20H30O8N4,1,1
C17H26O5N4,C21H34O7N4,1,1
C15H20O7N4,C19H28O9N4,1,1
C16H24O6N4,C20H32O8N4,1,1
C16H32O7S1,C20H40O9S1,1,1
C19H19O5N3,C23H27O7N3,1,1
C15H22O7N4,C19H30O9N4,1,1
C18H17O6N3,C22H25O8N3,1,1
C18H20O5N4,C22H28O7N4,1,1
C18H19O6N3,C22H27O8N3,1,1
C18H18O7N2,C22H26O9N2,1,1
C17H18O6N4,C21H26O8N4,1,1
C18H22O5N4,C22H30O7N4,1,1
C19H26O4N4,C23H34O6N4,1,1
C16H17O6N5,C20H25O8N5,1,1
C18H21O6N3,C22H29O8N3,1,1
C17H21O5N5,C21H29O7N5,1,1
C18H25O4N5,C22H33O6N5,1,1
C17H16O8N2,C21H24O10N2,1,1
C18H32O6S1,C22H40O8S1,1,1
C19H28O4N4,C23H36O6N4,1,1
C18H19O8N1,C22H27O10N1,1,1
C17H19O7N3,C21H27O9N3,1,1
C16H19O6N5,C20H27O8N5,1,1
C16H18O7N4,C20H26O9N4,1,1
C18H26O5N4,C22H34O7N4,1,1
C18H21O8N1,C22H29O10N1,1,1
C17H24O6N4,C21H32O8N4,1,1
C16H23O6N5,C20H31O8N5,1,1
C20H22O4N4,C24H30O6N4,1,1
C17H26O6N4,C21H34O8N4,1,1
C16H21O6N3S1,C20H29O8N3S1,1,1
C15H20O8N4,C19H28O10N4,1,1
C17H28O6N4,C21H36O8N4,1,1
C19H23O4N5,C23H31O6N5,1,1
C19H22O5N4,C23H30O7N4,1,1
C15H21O9N3,C19H29O11N3,1,1
C19H25O4N5,C23H33O6N5,1,1
C18H16O8N2,C22H24O10N2,1,1
C18H20O6N4,C22H28O8N4,1,1
C19H24O5N4,C23H32O7N4,1,1
C18H19O7N3,C22H27O9N3,1,1
C17H19O6N5,C21H27O8N5,1,1
C18H23O5N5,C22H31O7N5,1,1
C18H18O8N2,C22H26O10N2,1,1
C18H22O6N4,C22H30O8N4,1,1
C19H26O5N4,C23H34O7N4,1,1
C18H25O5N5,C22H33O7N5,1,1
C17H16O9N2,C21H24O11N2,1,1
C17H23O6N5,C21H31O8N5,1,1
C16H18O8N4,C20H26O10N4,1,1
C17H22O7N4,C21H30O9N4,1,1
C16H23O7N5,C20H31O9N5,1,1
C16H22O8N4,C20H30O10N4,1,1
C18H30O6N4,C22H38O8N4,1,1
C19H20O6N4,C23H28O8N4,1,1
C21H28O4N4,C25H36O6N4,1,1
C19H23O5N5,C23H31O7N5,1,1
C20H27O4N5,C24H35O6N5,1,1
C19H22O6N4,C23H30O8N4,1,1
C20H26O5N4,C24H34O7N4,1,1
C19H25O5N5,C23H33O7N5,1,1
C18H20O7N4,C22H28O9N4,1,1
C19H24O6N4,C23H32O8N4,1,1
C20H28O5N4,C24H36O7N4,1,1
C17H19O7N5,C21H27O9N5,1,1
C18H18O9N2,C22H26O11N2,1,1
C18H22O7N4,C22H30O9N4,1,1
C18H19O7N5,C22H27O9N5,1,1
C17H26O12N2,C21H34O14N2,1,1
C33H46O6S2,C37H54O8S2,1,1
C7H10O5,C12H20O8,1,2
C10H17O3N1,C15H27O6N1,1,2
C9H15O4N1,C14H25O7N1,1,2
C11H17O4N1,C16H27O7N1,1,2
C8H10O6S1,C13H20O9S1,1,2
C12H12O5,C17H22O8,1,2
C11H17O3N3,C16H27O6N3,1,2
C13H21O3N1,C18H31O6N1,1,2
C11H12O6,C16H22O9,1,2
C9H7O7N1,C14H17O10N1,1,2
C11H15O5N1,C16H25O8N1,1,2
C12H19O4N1,C17H29O7N1,1,2
C11H19O3N3,C16H29O6N3,1,2
C13H23O3N1,C18H33O6N1,1,2
C10H13O6N1,C15H23O9N1,1,2
C11H17O5N1,C16H27O8N1,1,2
C10H12O7,C15H22O10,1,2
C10H16O5N2,C15H26O8N2,1,2
C11H19O5N1,C16H29O8N1,1,2
C9H10O8,C14H20O11,1,2
C10H14O7,C15H24O10,1,2
C9H16O4N2S1,C14H26O7N2S1,1,2
C14H19O3N1,C19H29O6N1,1,2
C13H19O4N1,C18H29O7N1,1,2
C14H23O3N1,C19H33O6N1,1,2
C12H17O5N1,C17H27O8N1,1,2
C13H21O4N1,C18H31O7N1,1,2
C12H21O3N3,C17H31O6N3,1,2
C14H25O3N1,C19H35O6N1,1,2
C11H12O7,C16H22O10,1,2
C11H15O6N1,C16H25O9N1,1,2
C10H15O5N3,C15H25O8N3,1,2
C12H19O5N1,C17H29O8N1,1,2
C13H23O4N1,C18H33O7N1,1,2
C11H14O7,C16H24O10,1,2
C10H12O8,C15H22O11,1,2
C9H10O7S1,C14H20O10S1,1,2
C14H19O4N1,C19H29O7N1,1,2
C15H23O3N1,C20H33O6N1,1,2
C13H17O5N1,C18H27O8N1,1,2
C14H21O4N1,C19H31O7N1,1,2
C15H25O3N1,C20H35O6N1,1,2
C12H15O6N1,C17H25O9N1,1,2
C13H19O5N1,C18H29O8N1,1,2
C14H23O4N1,C19H33O7N1,1,2
C15H27O3N1,C20H37O6N1,1,2
C11H13O7N1,C16H23O10N1,1,2
C12H17O6N1,C17H27O9N1,1,2
C11H17O5N3,C16H27O8N3,1,2
C13H21O5N1,C18H31O8N1,1,2
C11H12O8,C16H22O11,1,2
C13H23O5N1,C18H33O8N1,1,2
C11H14O8,C16H24O11,1,2
C15H19O4N1,C20H29O7N1,1,2
C16H23O3N1,C21H33O6N1,1,2
C13H13O6N1,C18H23O9N1,1,2
C15H21O4N1,C20H31O7N1,1,2
C12H11O7N1,C17H21O10N1,1,2
C13H15O6N1,C18H25O9N1,1,2
C15H23O4N1,C20H33O7N1,1,2
C12H18O4N4,C17H28O7N4,1,2
C11H9O6N1S1,C16H19O9N1S1,1,2
C12H13O7N1,C17H23O10N1,1,2
C13H17O6N1,C18H27O9N1,1,2
C14H21O5N1,C19H31O8N1,1,2
C15H25O4N1,C20H35O7N1,1,2
C12H15O7N1,C17H25O10N1,1,2
C11H15O6N3,C16H25O9N3,1,2
C16H15O4N1,C21H25O7N1,1,2
C12H19O5N3,C17H29O8N3,1,2
C14H23O5N1,C19H33O8N1,1,2
C15H13O5N1,C20H23O8N1,1,2
C13H21O6N1,C18H31O9N1,1,2
C11H12O9,C16H22O12,1,2
C15H16O4N2,C20H26O7N2,1,2
C13H11O5N3,C18H21O8N3,1,2
C15H19O3N3,C20H29O6N3,1,2
C13H10O6N2,C18H20O9N2,1,2
C14H14O5N2,C19H24O8N2,1,2
C14H13O6N1,C19H23O9N1,1,2
C14H17O4N3,C19H27O7N3,1,2
C16H21O4N1,C21H31O7N1,1,2
C13H12O6N2,C18H22O9N2,1,2
C14H16O5N2,C19H26O8N2,1,2
C12H15O4N5,C17H25O7N5,1,2
C15H19O5N1,C20H29O8N1,1,2
C9H14O7N2S1,C14H24O10N2S1,1,2
C13H14O6N2,C18H24O9N2,1,2
C12H14O5N4,C17H24O8N4,1,2
C13H18O4N4,C18H28O7N4,1,2
C14H22O3N4,C19H32O6N4,1,2
C13H13O7N1,C18H23O10N1,1,2
C16H13O3N3,C21H23O6N3,1,2
C14H17O6N1,C19H27O9N1,1,2
C13H17O5N3,C18H27O8N3,1,2
C15H21O5N1,C20H31O8N1,1,2
C14H21O4N3,C19H31O7N3,1,2
C16H25O4N1,C21H35O7N1,1,2
C12H16O5N4,C17H26O8N4,1,2
C13H20O4N4,C18H30O7N4,1,2
C12H11O8N1,C17H21O11N1,1,2
C13H15O7N1,C18H25O10N1,1,2
C16H15O3N3,C21H25O6N3,1,2
C13H19O5N3,C18H29O8N3,1,2
C15H23O5N1,C20H33O8N1,1,2
C14H23O4N3,C19H33O7N3,1,2
C16H27O4N1,C21H37O7N1,1,2
C16H14O4N2,C21H24O7N2,1,2
C15H14O3N4,C20H24O6N4,1,2
C12H13O8N1,C17H23O11N1,1,2
C15H13O4N3,C20H23O7N3,1,2
C13H17O7N1,C18H27O10N1,1,2
C16H17O3N3,C21H27O6N3,1,2
C17H21O2N3,C22H31O5N3,1,2
C15H12O5N2,C20H22O8N2,1,2
C15H16O3N4,C20H26O6N4,1,2
C14H11O5N3,C19H21O8N3,1,2
C16H15O5N1,C21H25O8N1,1,2
C15H15O4N3,C20H25O7N3,1,2
C12H19O6N3,C17H29O9N3,1,2
C14H10O6N2,C19H20O9N2,1,2
C12H14O9,C17H24O12,1,2
C15H14O5N2,C20H24O8N2,1,2
C14H14O4N4,C19H24O7N4,1,2
C15H18O3N4,C20H28O6N4,1,2
C15H13O6N1,C20H23O9N1,1,2
C14H13O5N3,C19H23O8N3,1,2
C15H17O4N3,C20H27O7N3,1,2
C14H12O6N2,C19H22O9N2,1,2
C15H16O5N2,C20H26O8N2,1,2
C14H16O4N4,C19H26O7N4,1,2
C15H20O3N4,C20H30O6N4,1,2
C13H11O6N3,C18H21O9N3,1,2
C15H15O6N1,C20H25O9N1,1,2
C14H15O5N3,C19H25O8N3,1,2
C15H19O4N3,C20H29O7N3,1,2
C14H14O6N2,C19H24O9N2,1,2
C14H18O4N4,C19H28O7N4,1,2
C15H22O3N4,C20H32O6N4,1,2
C14H13O7N1,C19H23O10N1,1,2
C15H17O6N1,C20H27O9N1,1,2
C14H17O5N3,C19H27O8N3,1,2
C16H21O5N1,C21H31O8N1,1,2
C17H25O4N1,C22H35O7N1,1,2
C14H16O6N2,C19H26O9N2,1,2
C14H20O4N4,C19H30O7N4,1,2
C15H24O3N4,C20H34O6N4,1,2
C14H15O7N1,C19H25O10N1,1,2
C17H15O3N3,C22H25O6N3,1,2
C15H19O6N1,C20H29O9N1,1,2
C16H23O5N1,C21H33O8N1,1,2
C13H18O5N4,C18H28O8N4,1,2
C14H22O4N4,C19H32O7N4,1,2
C13H13O8N1,C18H23O11N1,1,2
C16H13O4N3,C21H23O7N3,1,2
C15H21O6N1,C20H31O9N1,1,2
C14H21O5N3,C19H31O8N3,1,2
C16H25O5N1,C21H35O8N1,1,2
C16H16O3N4,C21H26O6N4,1,2
C17H15O5N1,C22H25O8N1,1,2
C16H15O4N3,C21H25O7N3,1,2
C16H27O5N1,C21H37O8N1,1,2
C16H14O5N2,C21H24O8N2,1,2
C12H18O6N4,C17H28O9N4,1,2
C16H18O3N4,C21H28O6N4,1,2
C16H13O6N1,C21H23O9N1,1,2
C15H13O5N3,C20H23O8N3,1,2
C14H13O4N5,C19H23O7N5,1,2
C16H17O4N3,C21H27O7N3,1,2
C15H12O6N2,C20H22O9N2,1,2
C16H16O5N2,C21H26O8N2,1,2
C15H16O4N4,C20H26O7N4,1,2
C16H20O3N4,C21H30O6N4,1,2
C16H15O6N1,C21H25O9N1,1,2
C15H15O5N3,C20H25O8N3,1,2
C16H19O4N3,C21H29O7N3,1,2
C12H14O10,C17H24O13,1,2
C15H14O6N2,C20H24O9N2,1,2
C15H18O4N4,C20H28O7N4,1,2
C13H22O7N2,C18H32O10N2,1,2
C16H22O3N4,C21H32O6N4,1,2
C15H17O5N3,C20H27O8N3,1,2
C14H17O4N5,C19H27O7N5,1,2
C14H12O7N2,C19H22O10N2,1,2
C15H16O6N2,C20H26O9N2,1,2
C14H16O5N4,C19H26O8N4,1,2
C15H20O4N4,C20H30O7N4,1,2
C16H19O6N1,C21H29O9N1,1,2
C14H19O4N5,C19H29O7N5,1,2
C15H22O4N4,C20H32O7N4,1,2
C16H26O3N4,C21H36O6N4,1,2
C15H17O7N1,C20H27O10N1,1,2
C18H17O3N3,C23H27O6N3,1,2
C17H25O5N1,C22H35O8N1,1,2
C13H16O6N4,C18H26O9N4,1,2
C14H20O5N4,C19H30O8N4,1,2
C15H24O4N4,C20H34O7N4,1,2
C14H15O8N1,C19H25O11N1,1,2
C17H15O4N3,C22H25O7N3,1,2
C18H19O3N3,C23H29O6N3,1,2
C17H27O5N1,C22H37O8N1,1,2
C16H14O4N4,C21H24O7N4,1,2
C17H17O4N3,C22H27O7N3,1,2
C14H21O6N3,C19H31O9N3,1,2
C16H25O6N1,C21H35O9N1,1,2
C17H29O5N1,C22H39O8N1,1,2
C17H16O5N2,C22H26O8N2,1,2
C13H20O6N4,C18H30O9N4,1,2
C17H20O3N4,C22H30O6N4,1,2
C17H15O6N1,C22H25O9N1,1,2
C16H15O5N3,C21H25O8N3,1,2
C15H15O4N5,C20H25O7N5,1,2
C16H14O6N2,C21H24O9N2,1,2
C15H14O5N4,C20H24O8N4,1,2
C17H18O5N2,C22H28O8N2,1,2
C16H18O4N4,C21H28O7N4,1,2
C17H22O3N4,C22H32O6N4,1,2
C17H17O6N1,C22H27O9N1,1,2
C16H17O5N3,C21H27O8N3,1,2
C15H17O4N5,C20H27O7N5,1,2
C18H21O5N1,C23H31O8N1,1,2
C17H21O4N3,C22H31O7N3,1,2
C15H12O7N2,C20H22O10N2,1,2
C13H20O8N2,C18H30O11N2,1,2
C16H20O4N4,C21H30O7N4,1,2
C14H24O7N2,C19H34O10N2,1,2
C16H15O7N1,C21H25O10N1,1,2
C14H15O5N5,C19H25O8N5,1,2
C16H19O5N3,C21H29O8N3,1,2
C15H19O4N5,C20H29O7N5,1,2
C15H14O7N2,C20H24O10N2,1,2
C14H14O6N4,C19H24O9N4,1,2
C15H18O5N4,C20H28O8N4,1,2
C17H26O3N4,C22H36O6N4,1,2
C16H17O7N1,C21H27O10N1,1,2
C15H21O4N5,C20H31O7N5,1,2
C15H20O5N4,C20H30O8N4,1,2
C16H24O4N4,C21H34O7N4,1,2
C17H28O3N4,C22H38O6N4,1,2
C14H19O5N5,C19H29O8N5,1,2
C14H18O6N4,C19H28O9N4,1,2
C15H22O5N4,C20H32O8N4,1,2
C15H30O6S1,C20H40O9S1,1,2
C18H17O4N3,C23H27O7N3,1,2
C17H25O6N1,C22H35O9N1,1,2
C18H29O5N1,C23H39O8N1,1,2
C13H16O7N4,C18H26O10N4,1,2
C14H20O6N4,C19H30O9N4,1,2
C15H24O5N4,C20H34O8N4,1,2
C17H15O5N3,C22H25O8N3,1,2
C17H18O4N4,C22H28O7N4,1,2
C14H22O6N4,C19H32O9N4,1,2
C17H17O5N3,C22H27O8N3,1,2
C16H17O4N5,C21H27O7N5,1,2
C17H16O6N2,C22H26O9N2,1,2
C16H16O5N4,C21H26O8N4,1,2
C17H20O4N4,C22H30O7N4,1,2
C18H24O3N4,C23H34O6N4,1,2
C17H15O7N1,C22H25O10N1,1,2
C17H19O5N3,C22H29O8N3,1,2
C16H19O4N5,C21H29O7N5,1,2
C16H14O7N2,C21H24O10N2,1,2
C16H18O5N4,C21H28O8N4,1,2
C17H22O4N4,C22H32O7N4,1,2
C18H26O3N4,C23H36O6N4,1,2
C17H17O7N1,C22H27O10N1,1,2
C16H17O6N3,C21H27O9N3,1,2
C15H17O5N5,C20H27O8N5,1,2
C15H12O8N2,C20H22O11N2,1,2
C15H16O6N4,C20H26O9N4,1,2
C17H24O4N4,C22H34O7N4,1,2
C16H15O8N1,C21H25O11N1,1,2
C17H19O7N1,C22H29O10N1,1,2
C16H22O5N4,C21H32O8N4,1,2
C16H17O8N1,C21H27O11N1,1,2
C15H21O5N5,C20H31O8N5,1,2
C18H25O6N1,C23H35O9N1,1,2
C19H20O3N4,C24H30O6N4,1,2
C16H24O5N4,C21H34O8N4,1,2
C17H28O4N4,C22H38O7N4,1,2
C15H19O5N3S1,C20H29O8N3S1,1,2
C14H18O7N4,C19H28O10N4,1,2
C15H22O6N4,C20H32O9N4,1,2
C18H20O4N4,C23H30O7N4,1,2
C18H15O7N1,C23H25O10N1,1,2
C14H19O8N3,C19H29O11N3,1,2
C18H14O8,C23H24O11,1,2
C17H14O7N2,C22H24O10N2,1,2
C17H18O5N4,C22H28O8N4,1,2
C18H22O4N4,C23H32O7N4,1,2
C17H17O6N3,C22H27O9N3,1,2
C17H21O4N5,C22H31O7N5,1,2
C17H16O7N2,C22H26O10N2,1,2
C14H20O9N2,C19H30O12N2,1,2
C17H20O5N4,C22H30O8N4,1,2
C18H24O4N4,C23H34O7N4,1,2
C17H23O4N5,C22H33O7N5,1,2
C16H14O8N2,C21H24O11N2,1,2
C15H17O6N5,C20H27O9N5,1,2
C16H21O5N5,C21H31O8N5,1,2
C15H16O7N4,C20H26O10N4,1,2
C16H20O6N4,C21H30O9N4,1,2
C15H20O7N4,C20H30O10N4,1,2
C16H24O6N4,C21H34O9N4,1,2
C18H18O5N4,C23H28O8N4,1,2
C20H26O3N4,C25H36O6N4,1,2
C18H20O5N4,C23H30O8N4,1,2
C19H24O4N4,C24H34O7N4,1,2
C18H23O4N5,C23H33O7N5,1,2
C17H14O8N2,C22H24O11N2,1,2
C17H18O6N4,C22H28O9N4,1,2
C18H22O5N4,C23H32O8N4,1,2
C19H26O4N4,C24H36O7N4,1,2
C16H17O6N5,C21H27O9N5,1,2
C17H16O8N2,C22H26O11N2,1,2
C16H18O7N4,C21H28O10N4,1,2
C17H25O5N5,C22H35O8N5,1,2
C16H22O7N4,C21H32O10N4,1,2
C19H23O4N5,C24H33O7N5,1,2
C19H22O5N4,C24H32O8N4,1,2
C20H26O4N4,C25H36O7N4,1,2
C18H21O5N5,C23H31O8N5,1,2
C19H25O4N5,C24H35O7N5,1,2
C18H20O6N4,C23H30O9N4,1,2
C19H24O5N4,C24H34O8N4,1,2
C20H28O4N4,C25H38O7N4,1,2
C17H19O6N5,C22H29O9N5,1,2
C17H21O6N5,C22H31O9N5,1,2
C18H25O5N5,C23H35O8N5,1,2
C17H20O7N4,C22H30O10N4,1,2
C18H24O6N4,C23H34O9N4,1,2
C20H27O4N5,C25H37O7N5,1,2
C19H22O6N4,C24H32O9N4,1,2
C20H26O5N4,C25H36O8N4,1,2
C19H25O5N5,C24H35O8N5,1,2
C18H20O7N4,C23H30O10N4,1,2
C19H24O6N4,C24H34O9N4,1,2
C18H23O6N5,C23H33O9N5,1,2
C19H27O5N5,C24H37O8N5,1,2
C18H19O7N5,C23H29O10N5,1,2
C20H29O5N5,C25H39O8N5,1,2
C30H38O10,C35H48O13,1,2
C9H12O7,C14H20O10,1,3
C8H11O5N1S1,C13H19O8N1S1,1,3
C9H15O6N1,C14H23O9N1,1,3
C8H10O6S1,C13H18O9S1,1,3
C12H12O5,C17H20O8,1,3
C11H12O6,C16H20O9,1,3
C9H7O7N1,C14H15O10N1,1,3
C11H19O3N3,C16H27O6N3,1,3
C13H23O3N1,C18H31O6N1,1,3
C9H9O7N1,C14H17O10N1,1,3
C11H17O5N1,C16H25O8N1,1,3
C12H21O4N1,C17H29O7N1,1,3
C10H12O7,C15H20O10,1,3
C10H15O6N1,C15H23O9N1,1,3
C11H19O5N1,C16H27O8N1,1,3
C9H10O8,C14H18O11,1,3
C10H14O7,C15H22O10,1,3
C10H18O5N2,C15H26O8N2,1,3
C11H21O5N1,C16H29O8N1,1,3
C14H21O3N1,C19H29O6N1,1,3
C13H21O4N1,C18H29O7N1,1,3
C14H25O3N1,C19H33O6N1,1,3
C11H12O7,C16H20O10,1,3
C12H19O5N1,C17H27O8N1,1,3
C13H23O4N1,C18H31O7N1,1,3
C11H14O7,C16H22O10,1,3
C11H17O6N1,C16H25O9N1,1,3
C10H17O5N3,C15H25O8N3,1,3
C12H21O5N1,C17H29O8N1,1,3
C10H12O8,C15H20O11,1,3
C9H10O7S1,C14H18O10S1,1,3
C10H14O8,C15H22O11,1,3
C14H21O4N1,C19H29O7N1,1,3
C15H25O3N1,C20H33O6N1,1,3
C13H19O5N1,C18H27O8N1,1,3
C14H23O4N1,C19H31O7N1,1,3
C15H27O3N1,C20H35O6N1,1,3
C12H17O6N1,C17H25O9N1,1,3
C13H21O5N1,C18H29O8N1,1,3
C14H25O4N1,C19H33O7N1,1,3
C11H12O8,C16H20O11,1,3
C10H11O6N1S1,C15H19O9N1S1,1,3
C11H15O7N1,C16H23O10N1,1,3
C12H19O6N1,C17H27O9N1,1,3
C11H19O5N3,C16H27O8N3,1,3
C13H23O5N1,C18H31O8N1,1,3
C11H14O8,C16H22O11,1,3
C15H21O4N1,C20H29O7N1,1,3
C13H15O6N1,C18H23O9N1,1,3
C15H23O4N1,C20H31O7N1,1,3
C11H9O6N1S1,C16H17O9N1S1,1,3
C12H13O7N1,C17H21O10N1,1,3
C13H17O6N1,C18H25O9N1,1,3
C17H17O3N1,C22H25O6N1,1,3
C15H25O4N1,C20H33O7N1,1,3
C11H11O8N1,C16H19O11N1,1,3
C12H15O7N1,C17H23O10N1,1,3
C16H15O4N1,C21H23O7N1,1,3
C13H19O6N1,C18H27O9N1,1,3
C14H23O5N1,C19H31O8N1,1,3
C12H17O7N1,C17H25O10N1,1,3
C11H17O6N3,C16H25O9N3,1,3
C16H17O4N1,C21H25O7N1,1,3
C12H21O5N3,C17H29O8N3,1,3
C14H25O5N1,C19H33O8N1,1,3
C11H12O9,C16H20O12,1,3
C15H15O5N1,C20H23O8N1,1,3
C11H14O9,C16H22O12,1,3
C15H18O4N2,C20H26O7N2,1,3
C13H13O5N3,C18H21O8N3,1,3
C15H21O3N3,C20H29O6N3,1,3
C13H12O6N2,C18H20O9N2,1,3
C14H16O5N2,C19H24O8N2,1,3
C13H11O7N1,C18H19O10N1,1,3
C14H15O6N1,C19H23O9N1,1,3
C14H19O4N3,C19H27O7N3,1,3
C16H23O4N1,C21H31O7N1,1,3
C9H14O7N2S1,C14H22O10N2S1,1,3
C13H14O6N2,C18H22O9N2,1,3
C14H18O5N2,C19H26O8N2,1,3
C15H21O5N1,C20H29O8N1,1,3
C13H16O6N2,C18H24O9N2,1,3
C12H16O5N4,C17H24O8N4,1,3
C13H20O4N4,C18H28O7N4,1,3
C12H11O8N1,C17H19O11N1,1,3
C13H15O7N1,C18H23O10N1,1,3
C16H15O3N3,C21H23O6N3,1,3
C14H19O6N1,C19H27O9N1,1,3
C13H19O5N3,C18H27O8N3,1,3
C15H23O5N1,C20H31O8N1,1,3
C14H23O4N3,C19H31O7N3,1,3
C16H27O4N1,C21H35O7N1,1,3
C12H13O8N1,C17H21O11N1,1,3
C13H17O7N1,C18H25O10N1,1,3
C16H17O3N3,C21H25O6N3,1,3
C13H21O5N3,C18H29O8N3,1,3
C15H25O5N1,C20H33O8N1,1,3
C15H12O5N2,C20H20O8N2,1,3
C16H16O4N2,C21H24O7N2,1,3
C15H16O3N4,C20H24O6N4,1,3
C12H15O8N1,C17H23O11N1,1,3
C16H15O5N1,C21H23O8N1,1,3
C15H15O4N3,C20H23O7N3,1,3
C13H19O7N1,C18H27O10N1,1,3
C17H23O2N3,C22H31O5N3,1,3
C14H10O6N2,C19H18O9N2,1,3
C12H14O9,C17H22O12,1,3
C15H14O5N2,C20H22O8N2,1,3
C15H18O3N4,C20H26O6N4,1,3
C15H13O6N1,C20H21O9N1,1,3
C14H13O5N3,C19H21O8N3,1,3
C16H17O5N1,C21H25O8N1,1,3
C15H17O4N3,C20H25O7N3,1,3
C12H21O6N3,C17H29O9N3,1,3
C16H21O3N3,C21H29O6N3,1,3
C14H12O6N2,C19H20O9N2,1,3
C12H16O9,C17H24O12,1,3
C15H16O5N2,C20H24O8N2,1,3
C14H16O4N4,C19H24O7N4,1,3
C15H20O3N4,C20H28O6N4,1,3
C15H15O6N1,C20H23O9N1,1,3
C14H15O5N3,C19H23O8N3,1,3
C15H19O4N3,C20H27O7N3,1,3
C14H14O6N2,C19H22O9N2,1,3
C15H18O5N2,C20H26O8N2,1,3
C14H18O4N4,C19H26O7N4,1,3
C15H22O3N4,C20H30O6N4,1,3
C14H13O7N1,C19H21O10N1,1,3
C13H13O6N3,C18H21O9N3,1,3
C15H17O6N1,C20H25O9N1,1,3
C14H17O5N3,C19H25O8N3,1,3
C15H21O4N3,C20H29O7N3,1,3
C13H12O7N2,C18H20O10N2,1,3
C14H16O6N2,C19H24O9N2,1,3
C14H20O4N4,C19H28O7N4,1,3
C15H24O3N4,C20H32O6N4,1,3
C14H15O7N1,C19H23O10N1,1,3
C15H19O6N1,C20H27O9N1,1,3
C14H19O5N3,C19H27O8N3,1,3
C18H19O2N3,C23H27O5N3,1,3
C16H23O5N1,C21H31O8N1,1,3
C17H27O4N1,C22H35O7N1,1,3
C14H18O6N2,C19H26O9N2,1,3
C14H22O4N4,C19H30O7N4,1,3
C13H13O8N1,C18H21O11N1,1,3
C14H17O7N1,C19H25O10N1,1,3
C17H17O3N3,C22H25O6N3,1,3
C15H21O6N1,C20H29O9N1,1,3
C16H25O5N1,C21H33O8N1,1,3
C13H15O8N1,C18H23O11N1,1,3
C16H15O4N3,C21H23O7N3,1,3
C15H23O6N1,C20H31O9N1,1,3
C14H23O5N3,C19H31O8N3,1,3
C16H27O5N1,C21H35O8N1,1,3
C15H14O4N4,C20H22O7N4,1,3
C16H18O3N4,C21H26O6N4,1,3
C16H13O6N1,C21H21O9N1,1,3
C17H17O5N1,C22H25O8N1,1,3
C16H17O4N3,C21H25O7N3,1,3
C16H29O5N1,C21H37O8N1,1,3
C15H12O6N2,C20H20O9N2,1,3
C16H16O5N2,C21H24O8N2,1,3
C16H20O3N4,C21H28O6N4,1,3
C14H11O6N3,C19H19O9N3,1,3
C16H15O6N1,C21H23O9N1,1,3
C15H15O5N3,C20H23O8N3,1,3
C14H15O4N5,C19H23O7N5,1,3
C16H19O4N3,C21H27O7N3,1,3
C12H14O10,C17H22O13,1,3
C15H14O6N2,C20H22O9N2,1,3
C14H14O5N4,C19H22O8N4,1,3
C16H18O5N2,C21H26O8N2,1,3
C15H18O4N4,C20H26O7N4,1,3
C16H22O3N4,C21H30O6N4,1,3
C16H17O6N1,C21H25O9N1,1,3
C15H17O5N3,C20H25O8N3,1,3
C16H21O4N3,C21H29O7N3,1,3
C14H12O7N2,C19H20O10N2,1,3
C12H16O10,C17H24O13,1,3
C15H16O6N2,C20H24O9N2,1,3
C15H20O4N4,C20H28O7N4,1,3
C15H15O7N1,C20H23O10N1,1,3
C15H19O5N3,C20H27O8N3,1,3
C14H19O4N5,C19H27O7N5,1,3
C14H14O7N2,C19H22O10N2,1,3
C15H18O6N2,C20H26O9N2,1,3
C14H18O5N4,C19H26O8N4,1,3
C15H22O4N4,C20H30O7N4,1,3
C16H26O3N4,C21H34O6N4,1,3
C13H13O7N3,C18H21O10N3,1,3
C16H21O6N1,C21H29O9N1,1,3
C15H24O4N4,C20H32O7N4,1,3
C14H15O8N1,C19H23O11N1,1,3
C14H19O4N3S1,C19H27O7N3S1,1,3
C15H19O7N1,C20H27O10N1,1,3
C18H19O3N3,C23H27O6N3,1,3
C17H27O5N1,C22H35O8N1,1,3
C13H18O6N4,C18H26O9N4,1,3
C14H17O8N1,C19H25O11N1,1,3
C17H17O4N3,C22H25O7N3,1,3
C18H21O3N3,C23H29O6N3,1,3
C17H29O5N1,C22H37O8N1,1,3
C16H16O4N4,C21H24O7N4,1,3
C13H15O9N1,C18H23O12N1,1,3
C17H15O6N1,C22H23O9N1,1,3
C17H19O4N3,C22H27O7N3,1,3
C22H19O2N1,C27H27O5N1,1,3
C17H18O5N2,C22H26O8N2,1,3
C17H22O3N4,C22H30O6N4,1,3
C17H17O6N1,C22H25O9N1,1,3
C16H17O5N3,C21H25O8N3,1,3
C15H17O4N5,C20H25O7N5,1,3
C16H16O6N2,C21H24O9N2,1,3
C15H16O5N4,C20H24O8N4,1,3
C17H20O5N2,C22H28O8N2,1,3
C16H20O4N4,C21H28O7N4,1,3
C17H24O3N4,C22H32O6N4,1,3
C16H15O7N1,C21H23O10N1,1,3
C17H19O6N1,C22H27O9N1,1,3
C16H19O5N3,C21H27O8N3,1,3
C15H19O4N5,C20H27O7N5,1,3
C18H23O5N1,C23H31O8N1,1,3
C17H23O4N3,C22H31O7N3,1,3
C15H14O7N2,C20H22O10N2,1,3
C16H22O4N4,C21H30O7N4,1,3
C16H17O7N1,C21H25O10N1,1,3
C14H17O5N5,C19H25O8N5,1,3
C16H21O5N3,C21H29O8N3,1,3
C15H21O4N5,C20H29O7N5,1,3
C15H16O7N2,C20H24O10N2,1,3
C14H16O6N4,C19H24O9N4,1,3
C15H20O5N4,C20H28O8N4,1,3
C17H28O3N4,C22H36O6N4,1,3
C16H19O7N1,C21H27O10N1,1,3
C14H14O8N2,C19H22O11N2,1,3
C15H22O5N4,C20H30O8N4,1,3
C15H30O6S1,C20H38O9S1,1,3
C16H26O4N4,C21H34O7N4,1,3
C15H17O8N1,C20H25O11N1,1,3
C14H20O6N4,C19H28O9N4,1,3
C15H24O5N4,C20H32O8N4,1,3
C14H15O9N1,C19H23O12N1,1,3
C18H19O4N3,C23H27O7N3,1,3
C17H27O6N1,C22H35O9N1,1,3
C18H31O5N1,C23H39O8N1,1,3
C13H18O7N4,C18H26O10N4,1,3
C14H22O6N4,C19H30O9N4,1,3
C17H17O5N3,C22H25O8N3,1,3
C17H20O4N4,C22H28O7N4,1,3
C14H24O6N4,C19H32O9N4,1,3
C17H15O7N1,C22H23O10N1,1,3
C17H19O5N3,C22H27O8N3,1,3
C16H19O4N5,C21H27O7N5,1,3
C17H18O6N2,C22H26O9N2,1,3
C16H18O5N4,C21H26O8N4,1,3
C17H22O4N4,C22H30O7N4,1,3
C18H26O3N4,C23H34O6N4,1,3
C17H17O7N1,C22H25O10N1,1,3
C15H17O5N5,C20H25O8N5,1,3
C17H21O5N3,C22H29O8N3,1,3
C16H21O4N5,C21H29O7N5,1,3
C15H12O8N2,C20H20O11N2,1,3
C16H16O7N2,C21H24O10N2,1,3
C16H20O5N4,C21H28O8N4,1,3
C17H24O4N4,C22H32O7N4,1,3
C18H28O3N4,C23H36O6N4,1,3
C16H15O8N1,C21H23O11N1,1,3
C17H19O7N1,C22H27O10N1,1,3
C16H19O6N3,C21H27O9N3,1,3
C15H19O5N5,C20H27O8N5,1,3
C15H14O8N2,C20H22O11N2,1,3
C15H18O6N4,C20H26O9N4,1,3
C17H26O4N4,C22H34O7N4,1,3
C16H17O8N1,C21H25O11N1,1,3
C17H21O7N1,C22H29O10N1,1,3
C16H24O5N4,C21H32O8N4,1,3
C16H19O8N1,C21H27O11N1,1,3
C18H27O6N1,C23H35O9N1,1,3
C19H31O5N1,C24H39O8N1,1,3
C19H22O3N4,C24H30O6N4,1,3
C15H17O9N1,C20H25O12N1,1,3
C15H21O5N3S1,C20H29O8N3S1,1,3
C14H20O7N4,C19H28O10N4,1,3
C18H15O7N1,C23H23O10N1,1,3
C17H19O4N5,C22H27O7N5,1,3
C18H14O8,C23H22O11,1,3
C18H22O4N4,C23H30O7N4,1,3
C18H17O7N1,C23H25O10N1,1,3
C14H21O8N3,C19H29O11N3,1,3
C17H16O7N2,C22H24O10N2,1,3
C17H20O5N4,C22H28O8N4,1,3
C18H24O4N4,C23H32O7N4,1,3
C17H19O6N3,C22H27O9N3,1,3
C16H19O5N5,C21H27O8N5,1,3
C17H23O4N5,C22H31O7N5,1,3
C16H14O8N2,C21H22O11N2,1,3
C17H18O7N2,C22H26O10N2,1,3
C14H22O9N2,C19H30O12N2,1,3
C17H22O5N4,C22H30O8N4,1,3
C18H26O4N4,C23H34O7N4,1,3
C17H17O8N1,C22H25O11N1,1,3
C16H16O8N2,C21H24O11N2,1,3
C15H19O6N5,C20H27O9N5,1,3
C16H23O5N5,C21H31O8N5,1,3
C15H18O7N4,C20H26O10N4,1,3
C16H22O6N4,C21H30O9N4,1,3
C15H22O7N4,C20H30O10N4,1,3
C18H20O5N4,C23H28O8N4,1,3
C20H28O3N4,C25H36O6N4,1,3
C18H23O4N5,C23H31O7N5,1,3
C18H22O5N4,C23H30O8N4,1,3
C19H26O4N4,C24H34O7N4,1,3
C18H25O4N5,C23H33O7N5,1,3
C17H16O8N2,C22H24O11N2,1,3
C19H28O4N4,C24H36O7N4,1,3
C18H19O8N1,C23H27O11N1,1,3
C16H19O6N5,C21H27O9N5,1,3
C17H18O8N2,C22H26O11N2,1,3
C17H22O6N4,C22H30O9N4,1,3
C16H20O7N4,C21H28O10N4,1,3
C19H25O4N5,C24H33O7N5,1,3
C19H24O5N4,C24H32O8N4,1,3
C20H28O4N4,C25H36O7N4,1,3
C17H19O6N5,C22H27O9N5,1,3
C18H23O5N5,C23H31O8N5,1,3
C18H22O6N4,C23H30O9N4,1,3
C19H26O5N4,C24H34O8N4,1,3
C20H30O4N4,C25H38O7N4,1,3
C17H21O6N5,C22H29O9N5,1,3
C17H23O6N5,C22H31O9N5,1,3
C17H22O7N4,C22H30O10N4,1,3
C18H26O6N4,C23H34O9N4,1,3
C19H23O5N5,C24H31O8N5,1,3
C19H24O6N4,C24H32O9N4,1,3
C20H28O5N4,C25H36O8N4,1,3
C19H27O5N5,C24H35O8N5,1,3
C18H22O7N4,C23H30O10N4,1,3
C19H26O6N4,C24H34O9N4,1,3
C18H25O6N5,C23H33O9N5,1,3
C19H29O5N5,C24H37O8N5,1,3
C20H29O5N5,C25H37O8N5,1,3
C7H10O5,C13H20O8,1,4
C8H13O5N1,C14H23O8N1,1,4
C9H12O7,C15H22O10,1,4
C10H19O5N1,C16H29O8N1,1,4
C8H10O6S1,C14H20O9S1,1,4
C9H14O7,C15H24O10,1,4
C12H12O5,C18H22O8,1,4
C13H19O3N1,C19H29O6N1,1,4
C11H12O6,C17H22O9,1,4
C12H19O4N1,C18H29O7N1,1,4
C13H23O3N1,C19H33O6N1,1,4
C11H17O5N1,C17H27O8N1,1,4
C12H21O4N1,C18H31O7N1,1,4
C10H12O7,C16H22O10,1,4
C10H15O6N1,C16H25O9N1,1,4
C9H15O5N3,C15H25O8N3,1,4
C11H19O5N1,C17H29O8N1,1,4
C9H10O8,C15H20O11,1,4
C10H14O7,C16H24O10,1,4
C13H19O4N1,C19H29O7N1,1,4
C14H23O3N1,C20H33O6N1,1,4
C12H17O5N1,C18H27O8N1,1,4
C13H21O4N1,C19H31O7N1,1,4
C14H25O3N1,C20H35O6N1,1,4
C11H12O7,C17H22O10,1,4
C11H15O6N1,C17H25O9N1,1,4
C12H19O5N1,C18H29O8N1,1,4
C13H23O4N1,C19H33O7N1,1,4
C11H14O7,C17H24O10,1,4
C10H13O7N1,C16H23O10N1,1,4
C11H17O6N1,C17H27O9N1,1,4
C10H17O5N3,C16H27O8N3,1,4
C12H21O5N1,C18H31O8N1,1,4
C10H12O8,C16H22O11,1,4
C12H23O5N1,C18H33O8N1,1,4
C9H10O7S1,C15H20O10S1,1,4
C10H14O8,C16H24O11,1,4
C14H19O4N1,C20H29O7N1,1,4
C15H23O3N1,C21H33O6N1,1,4
C12H13O6N1,C18H23O9N1,1,4
C14H21O4N1,C20H31O7N1,1,4
C15H25O3N1,C21H35O6N1,1,4
C11H11O7N1,C17H21O10N1,1,4
C12H15O6N1,C18H25O9N1,1,4
C16H15O3N1,C22H25O6N1,1,4
C14H23O4N1,C20H33O7N1,1,4
C11H13O7N1,C17H23O10N1,1,4
C15H13O4N1,C21H23O7N1,1,4
C12H17O6N1,C18H27O9N1,1,4
C13H21O5N1,C19H31O8N1,1,4
C14H25O4N1,C20H35O7N1,1,4
C11H12O8,C17H22O11,1,4
C11H15O7N1,C17H25O10N1,1,4
C15H15O4N1,C21H25O7N1,1,4
C11H19O5N3,C17H29O8N3,1,4
C13H23O5N1,C19H33O8N1,1,4
C11H14O8,C17H24O11,1,4
C14H13O5N1,C20H23O8N1,1,4
C12H21O6N1,C18H31O9N1,1,4
C14H16O4N2,C20H26O7N2,1,4
C12H11O5N3,C18H21O8N3,1,4
C14H19O3N3,C20H29O6N3,1,4
C12H10O6N2,C18H20O9N2,1,4
C13H14O5N2,C19H24O8N2,1,4
C13H13O6N1,C19H23O9N1,1,4
C13H17O4N3,C19H27O7N3,1,4
C15H21O4N1,C21H31O7N1,1,4
C12H12O6N2,C18H22O9N2,1,4
C13H16O5N2,C19H26O8N2,1,4
C14H19O5N1,C20H29O8N1,1,4
C12H14O6N2,C18H24O9N2,1,4
C11H14O5N4,C17H24O8N4,1,4
C12H18O4N4,C18H28O7N4,1,4
C11H9O6N1S1,C17H19O9N1S1,1,4
C12H13O7N1,C18H23O10N1,1,4
C15H13O3N3,C21H23O6N3,1,4
C13H17O6N1,C19H27O9N1,1,4
C12H17O5N3,C18H27O8N3,1,4
C14H21O5N1,C20H31O8N1,1,4
C13H21O4N3,C19H31O7N3,1,4
C15H25O4N1,C21H35O7N1,1,4
C11H11O8N1,C17H21O11N1,1,4
C12H15O7N1,C18H25O10N1,1,4
C15H15O3N3,C21H25O6N3,1,4
C12H19O5N3,C18H29O8N3,1,4
C14H23O5N1,C20H33O8N1,1,4
C14H10O5N2,C20H20O8N2,1,4
C15H14O4N2,C21H24O7N2,1,4
C14H14O3N4,C20H24O6N4,1,4
C11H13O8N1,C17H23O11N1,1,4
C15H13O5N1,C21H23O8N1,1,4
C14H13O4N3,C20H23O7N3,1,4
C12H17O7N1,C18H27O10N1,1,4
C15H17O3N3,C21H27O6N3,1,4
C16H21O2N3,C22H31O5N3,1,4
C11H12O9,C17H22O12,1,4
C14H12O5N2,C20H22O8N2,1,4
C14H16O3N4,C20H26O6N4,1,4
C14H11O6N1,C20H21O9N1,1,4
C13H11O5N3,C19H21O8N3,1,4
C15H15O5N1,C21H25O8N1,1,4
C14H15O4N3,C20H25O7N3,1,4
C11H19O6N3,C17H29O9N3,1,4
C15H19O3N3,C21H29O6N3,1,4
C13H10O6N2,C19H20O9N2,1,4
C11H14O9,C17H24O12,1,4
C14H14O5N2,C20H24O8N2,1,4
C13H14O4N4,C19H24O7N4,1,4
C14H18O3N4,C20H28O6N4,1,4
C14H13O6N1,C20H23O9N1,1,4
C13H13O5N3,C19H23O8N3,1,4
C14H17O4N3,C20H27O7N3,1,4
C13H12O6N2,C19H22O9N2,1,4
C14H16O5N2,C20H26O8N2,1,4
C13H16O4N4,C19H26O7N4,1,4
C14H20O3N4,C20H30O6N4,1,4
C13H11O7N1,C19H21O10N1,1,4
C12H11O6N3,C18H21O9N3,1,4
C14H15O6N1,C20H25O9N1,1,4
C13H15O5N3,C19H25O8N3,1,4
C14H19O4N3,C20H29O7N3,1,4
C12H10O7N2,C18H20O10N2,1,4
C13H14O6N2,C19H24O9N2,1,4
C13H18O4N4,C19H28O7N4,1,4
C14H22O3N4,C20H32O6N4,1,4
C13H13O7N1,C19H23O10N1,1,4
C14H17O6N1,C20H27O9N1,1,4
C13H17O5N3,C19H27O8N3,1,4
C17H17O2N3,C23H27O5N3,1,4
C15H21O5N1,C21H31O8N1,1,4
C16H25O4N1,C22H35O7N1,1,4
C13H16O6N2,C19H26O9N2,1,4
C13H20O4N4,C19H30O7N4,1,4
C12H11O8N1,C18H21O11N1,1,4
C13H15O7N1,C19H25O10N1,1,4
C16H15O3N3,C22H25O6N3,1,4
C14H19O6N1,C20H29O9N1,1,4
C15H23O5N1,C21H33O8N1,1,4
C12H26O6S1,C18H36O9S1,1,4
C12H13O8N1,C18H23O11N1,1,4
C15H13O4N3,C21H23O7N3,1,4
C14H21O6N1,C20H31O9N1,1,4
C13H21O5N3,C19H31O8N3,1,4
C15H25O5N1,C21H35O8N1,1,4
C14H12O4N4,C20H22O7N4,1,4
C15H16O3N4,C21H26O6N4,1,4
C16H15O5N1,C22H25O8N1,1,4
C15H15O4N3,C21H25O7N3,1,4
C15H27O5N1,C21H37O8N1,1,4
C14H10O6N2,C20H20O9N2,1,4
C12H14O9,C18H24O12,1,4
C15H14O5N2,C21H24O8N2,1,4
C15H18O3N4,C21H28O6N4,1,4
C15H13O6N1,C21H23O9N1,1,4
C14H13O5N3,C20H23O8N3,1,4
C13H13O4N5,C19H23O7N5,1,4
C15H17O4N3,C21H27O7N3,1,4
C14H12O6N2,C20H22O9N2,1,4
C12H16O9,C18H26O12,1,4
C13H12O5N4,C19H22O8N4,1,4
C15H16O5N2,C21H26O8N2,1,4
C14H16O4N4,C20H26O7N4,1,4
C15H20O3N4,C21H30O6N4,1,4
C15H15O6N1,C21H25O9N1,1,4
C14H15O5N3,C20H25O8N3,1,4
C15H19O4N3,C21H29O7N3,1,4
C14H14O6N2,C20H24O9N2,1,4
C14H18O4N4,C20H28O7N4,1,4
C15H22O3N4,C21H32O6N4,1,4
C14H13O7N1,C20H23O10N1,1,4
C14H17O5N3,C20H27O8N3,1,4
C13H12O7N2,C19H22O10N2,1,4
C14H16O6N2,C20H26O9N2,1,4
C13H16O5N4,C19H26O8N4,1,4
C14H20O4N4,C20H30O7N4,1,4
C15H24O3N4,C21H34O6N4,1,4
C12H11O7N3,C18H21O10N3,1,4
C15H19O6N1,C21H29O9N1,1,4
C14H22O4N4,C20H32O7N4,1,4
C13H13O8N1,C19H23O11N1,1,4
C14H17O7N1,C20H27O10N1,1,4
C17H17O3N3,C23H27O6N3,1,4
C16H25O5N1,C22H35O8N1,1,4
C12H16O6N4,C18H26O9N4,1,4
C13H15O8N1,C19H25O11N1,1,4
C16H15O4N3,C22H25O7N3,1,4
C17H19O3N3,C23H29O6N3,1,4
C16H27O5N1,C22H37O8N1,1,4
C15H14O4N4,C21H24O7N4,1,4
C12H13O9N1,C18H23O12N1,1,4
C16H13O6N1,C22H23O9N1,1,4
C16H17O4N3,C22H27O7N3,1,4
C13H21O6N3,C19H31O9N3,1,4
C15H25O6N1,C21H35O9N1,1,4
C16H29O5N1,C22H39O8N1,1,4
C16H16O5N2,C22H26O8N2,1,4
C16H20O3N4,C22H30O6N4,1,4
C16H15O6N1,C22H25O9N1,1,4
C15H15O5N3,C21H25O8N3,1,4
C14H15O4N5,C20H25O7N5,1,4
C12H14O10,C18H24O13,1,4
C15H14O6N2,C21H24O9N2,1,4
C14H14O5N4,C20H24O8N4,1,4
C16H18O5N2,C22H28O8N2,1,4
C15H18O4N4,C21H28O7N4,1,4
C16H22O3N4,C22H32O6N4,1,4
C16H17O6N1,C22H27O9N1,1,4
C15H17O5N3,C21H27O8N3,1,4
C14H17O4N5,C20H27O7N5,1,4
C17H21O5N1,C23H31O8N1,1,4
C16H21O4N3,C22H31O7N3,1,4
C14H12O7N2,C20H22O10N2,1,4
C12H16O10,C18H26O13,1,4
C15H20O4N4,C21H30O7N4,1,4
C15H15O7N1,C21H25O10N1,1,4
C15H19O5N3,C21H29O8N3,1,4
C14H19O4N5,C20H29O7N5,1,4
C14H14O7N2,C20H24O10N2,1,4
C13H14O6N4,C19H24O9N4,1,4
C14H18O5N4,C20H28O8N4,1,4
C16H26O3N4,C22H36O6N4,1,4
C15H17O7N1,C21H27O10N1,1,4
C13H12O8N2,C19H22O11N2,1,4
C14H20O5N4,C20H30O8N4,1,4
C15H24O4N4,C21H34O7N4,1,4
C14H15O8N1,C20H25O11N1,1,4
C13H18O6N4,C19H28O9N4,1,4
C17H17O4N3,C23H27O7N3,1,4
C16H25O6N1,C22H35O9N1,1,4
C17H29O5N1,C23H39O8N1,1,4
C13H20O6N4,C19H30O9N4,1,4
C16H15O5N3,C22H25O8N3,1,4
C16H18O4N4,C22H28O7N4,1,4
C16H17O5N3,C22H27O8N3,1,4
C15H17O4N5,C21H27O7N5,1,4
C16H16O6N2,C22H26O9N2,1,4
C15H16O5N4,C21H26O8N4,1,4
C16H20O4N4,C22H30O7N4,1,4
C17H24O3N4,C23H34O6N4,1,4
C16H15O7N1,C22H25O10N1,1,4
C14H15O5N5,C20H25O8N5,1,4
C16H19O5N3,C22H29O8N3,1,4
C15H19O4N5,C21H29O7N5,1,4
C15H14O7N2,C21H24O10N2,1,4
C16H18O4N2S1,C22H28O7N2S1,1,4
C15H18O5N4,C21H28O8N4,1,4
C16H22O4N4,C22H32O7N4,1,4
C17H26O3N4,C23H36O6N4,1,4
C16H17O7N1,C22H27O10N1,1,4
C15H17O6N3,C21H27O9N3,1,4
C14H17O5N5,C20H27O8N5,1,4
C14H16O6N4,C20H26O9N4,1,4
C16H24O4N4,C22H34O7N4,1,4
C16H19O7N1,C22H29O10N1,1,4
C15H22O5N4,C21H32O8N4,1,4
C15H17O8N1,C21H27O11N1,1,4
C17H25O6N1,C23H35O9N1,1,4
C18H29O5N1,C24H39O8N1,1,4
C18H20O3N4,C24H30O6N4,1,4
C15H24O5N4,C21H34O8N4,1,4
C14H15O9N1,C20H25O12N1,1,4
C13H18O7N4,C19H28O10N4,1,4
C14H22O6N4,C20H32O9N4,1,4
C16H17O4N5,C22H27O7N5,1,4
C17H20O4N4,C23H30O7N4,1,4
C17H15O7N1,C23H25O10N1,1,4
C13H19O8N3,C19H29O11N3,1,4
C16H14O7N2,C22H24O10N2,1,4
C16H18O5N4,C22H28O8N4,1,4
C17H22O4N4,C23H32O7N4,1,4
C16H17O6N3,C22H27O9N3,1,4
C15H17O5N5,C21H27O8N5,1,4
C16H21O4N5,C22H31O7N5,1,4
C15H12O8N2,C21H22O11N2,1,4
C16H16O7N2,C22H26O10N2,1,4
C13H20O9N2,C19H30O12N2,1,4
C16H20O5N4,C22H30O8N4,1,4
C17H24O4N4,C23H34O7N4,1,4
C16H15O8N1,C22H25O11N1,1,4
C15H14O8N2,C21H24O11N2,1,4
C15H21O5N5,C21H31O8N5,1,4
C14H16O7N4,C20H26O10N4,1,4
C15H20O6N4,C21H30O9N4,1,4
C18H29O6N1,C24H39O9N1,1,4
C14H20O7N4,C20H30O10N4,1,4
C17H19O4N5,C23H29O7N5,1,4
C18H14O8,C24H24O11,1,4
C17H18O5N4,C23H28O8N4,1,4
C19H26O3N4,C25H36O6N4,1,4
C17H21O4N5,C23H31O7N5,1,4
C17H20O5N4,C23H30O8N4,1,4
C18H24O4N4,C24H34O7N4,1,4
C17H23O4N5,C23H33O7N5,1,4
C16H14O8N2,C22H24O11N2,1,4
C16H18O6N4,C22H28O9N4,1,4
C17H22O5N4,C23H32O8N4,1,4
C18H26O4N4,C24H36O7N4,1,4
C17H17O8N1,C23H27O11N1,1,4
C15H17O6N5,C21H27O9N5,1,4
C16H16O8N2,C22H26O11N2,1,4
C16H20O6N4,C22H30O9N4,1,4
C15H18O7N4,C21H28O10N4,1,4
C15H22O7N4,C21H32O10N4,1,4
C18H23O4N5,C24H33O7N5,1,4
C18H22O5N4,C24H32O8N4,1,4
C19H26O4N4,C25H36O7N4,1,4
C16H17O6N5,C22H27O9N5,1,4
C17H21O5N5,C23H31O8N5,1,4
C18H25O4N5,C24H35O7N5,1,4
C19H28O4N4,C25H38O7N4,1,4
C16H19O6N5,C22H29O9N5,1,4
C15H17O7N5,C21H27O10N5,1,4
C16H21O6N5,C22H31O9N5,1,4
C17H25O5N5,C23H35O8N5,1,4
C16H20O7N4,C22H30O10N4,1,4
C17H24O6N4,C23H34O9N4,1,4
C18H21O5N5,C24H31O8N5,1,4
C18H22O6N4,C24H32O9N4,1,4
C19H26O5N4,C25H36O8N4,1,4
C18H25O5N5,C24H35O8N5,1,4
C17H20O7N4,C23H30O10N4,1,4
C18H24O6N4,C24H34O9N4,1,4
C17H23O6N5,C23H33O9N5,1,4
C18H21O6N5,C24H31O9N5,1,4
C19H25O5N5,C25H35O8N5,1,4
C17H19O7N5,C23H29O10N5,1,4
C19H27O5N5,C25H37O8N5,1,4
C18H22O7N4,C24H32O10N4,1,4
C19H26O6N4,C25H36O9N4,1,4
C19H29O5N5,C25H39O8N5,1,4
C29H38O10,C35H48O13,1,4
C6H8O5,C12H20O8,1,5
C7H10O5,C13H22O8,1,5
C10H17O3N1,C16H29O6N1,1,5
C8H11O5N1,C14H23O8N1,1,5
C9H15O4N1,C15H27O7N1,1,5
C10H15O4N1,C16H27O7N1,1,5
C9H14O4N2,C15H26O7N2,1,5
C11H17O4N1,C17H29O7N1,1,5
C9H12O7,C15H24O10,1,5
C8H10O6S1,C14H22O9S1,1,5
C8H14O4N2S1,C14H26O7N2S1,1,5
C13H17O3N1,C19H29O6N1,1,5
C12H12O5,C18H24O8,1,5
C12H17O4N1,C18H29O7N1,1,5
C13H21O3N1,C19H33O6N1,1,5
C11H12O6,C17H24O9,1,5
C11H15O5N1,C17H27O8N1,1,5
C12H19O4N1,C18H31O7N1,1,5
C11H19O3N3,C17H31O6N3,1,5
C13H23O3N1,C19H35O6N1,1,5
C10H13O6N1,C16H25O9N1,1,5
C9H13O5N3,C15H25O8N3,1,5
C11H17O5N1,C17H29O8N1,1,5
C12H21O4N1,C18H33O7N1,1,5
C10H12O7,C16H24O10,1,5
C9H10O8,C15H22O11,1,5
C10H14O7,C16H26O10,1,5
C13H17O4N1,C19H29O7N1,1,5
C14H21O3N1,C20H33O6N1,1,5
C10H20O5S1,C16H32O8S1,1,5
C12H15O5N1,C18H27O8N1,1,5
C13H19O4N1,C19H31O7N1,1,5
C14H23O3N1,C20H35O6N1,1,5
C11H13O6N1,C17H25O9N1,1,5
C12H17O5N1,C18H29O8N1,1,5
C13H21O4N1,C19H33O7N1,1,5
C14H25O3N1,C20H37O6N1,1,5
C11H12O7,C17H24O10,1,5
C10H11O7N1,C16H23O10N1,1,5
C11H15O6N1,C17H27O9N1,1,5
C10H15O5N3,C16H27O8N3,1,5
C12H19O5N1,C18H31O8N1,1,5
C11H14O7,C17H26O10,1,5
C12H21O5N1,C18H33O8N1,1,5
C10H12O8,C16H24O11,1,5
C9H10O7S1,C15H22O10S1,1,5
C14H17O4N1,C20H29O7N1,1,5
C15H21O3N1,C21H33O6N1,1,5
C12H11O6N1,C18H23O9N1,1,5
C14H19O4N1,C20H31O7N1,1,5
C15H23O3N1,C21H35O6N1,1,5
C12H13O6N1,C18H25O9N1,1,5
C14H21O4N1,C20H33O7N1,1,5
C11H11O7N1,C17H23O10N1,1,5
C12H15O6N1,C18H27O9N1,1,5
C13H19O5N1,C19H31O8N1,1,5
C14H23O4N1,C20H35O7N1,1,5
C15H27O3N1,C21H39O6N1,1,5
C11H13O7N1,C17H25O10N1,1,5
C10H13O6N3,C16H25O9N3,1,5
C15H13O4N1,C21H25O7N1,1,5
C11H17O5N3,C17H29O8N3,1,5
C13H21O5N1,C19H33O8N1,1,5
C14H25O4N1,C20H37O7N1,1,5
C11H12O8,C17H24O11,1,5
C14H11O5N1,C20H23O8N1,1,5
C12H19O6N1,C18H31O9N1,1,5
C11H14O8,C17H26O11,1,5
C14H14O4N2,C20H26O7N2,1,5
C12H9O5N3,C18H21O8N3,1,5
C14H17O3N3,C20H29O6N3,1,5
C13H12O5N2,C19H24O8N2,1,5
C13H11O6N1,C19H23O9N1,1,5
C13H15O4N3,C19H27O7N3,1,5
C15H19O4N1,C21H31O7N1,1,5
C16H23O3N1,C22H35O6N1,1,5
C12H10O6N2,C18H22O9N2,1,5
C13H14O5N2,C19H26O8N2,1,5
C11H13O4N5,C17H25O7N5,1,5
C14H17O5N1,C20H29O8N1,1,5
C12H12O6N2,C18H24O9N2,1,5
C11H12O5N4,C17H24O8N4,1,5
C12H16O4N4,C18H28O7N4,1,5
C13H20O3N4,C19H32O6N4,1,5
C12H11O7N1,C18H23O10N1,1,5
C13H15O6N1,C19H27O9N1,1,5
C12H15O5N3,C18H27O8N3,1,5
C14H19O5N1,C20H31O8N1,1,5
C13H19O4N3,C19H31O7N3,1,5
C15H23O4N1,C21H35O7N1,1,5
C11H14O5N4,C17H26O8N4,1,5
C12H18O4N4,C18H30O7N4,1,5
C12H13O7N1,C18H25O10N1,1,5
C15H13O3N3,C21H25O6N3,1,5
C12H17O5N3,C18H29O8N3,1,5
C14H21O5N1,C20H33O8N1,1,5
C13H21O4N3,C19H33O7N3,1,5
C15H25O4N1,C21H37O7N1,1,5
C15H12O4N2,C21H24O7N2,1,5
C14H12O3N4,C20H24O6N4,1,5
C11H11O8N1,C17H23O11N1,1,5
C15H11O5N1,C21H23O8N1,1,5
C14H11O4N3,C20H23O7N3,1,5
C12H15O7N1,C18H27O10N1,1,5
C15H15O3N3,C21H27O6N3,1,5
C16H19O2N3,C22H31O5N3,1,5
C14H10O5N2,C20H22O8N2,1,5
C14H14O3N4,C20H26O6N4,1,5
C15H13O5N1,C21H25O8N1,1,5
C14H13O4N3,C20H25O7N3,1,5
C11H17O6N3,C17H29O9N3,1,5
C15H17O3N3,C21H29O6N3,1,5
C11H12O9,C17H24O12,1,5
C14H12O5N2,C20H24O8N2,1,5
C13H12O4N4,C19H24O7N4,1,5
C14H16O3N4,C20H28O6N4,1,5
C14H11O6N1,C20H23O9N1,1,5
C13H11O5N3,C19H23O8N3,1,5
C14H15O4N3,C20H27O7N3,1,5
C13H10O6N2,C19H22O9N2,1,5
C14H14O5N2,C20H26O8N2,1,5
C13H14O4N4,C19H26O7N4,1,5
C14H18O3N4,C20H30O6N4,1,5
C14H13O6N1,C20H25O9N1,1,5
C13H13O5N3,C19H25O8N3,1,5
C14H17O4N3,C20H29O7N3,1,5
C13H12O6N2,C19H24O9N2,1,5
C13H16O4N4,C19H28O7N4,1,5
C14H20O3N4,C20H32O6N4,1,5
C13H11O7N1,C19H23O10N1,1,5
C14H15O6N1,C20H27O9N1,1,5
C13H15O5N3,C19H27O8N3,1,5
C12H15O4N5,C18H27O7N5,1,5
C15H19O5N1,C21H31O8N1,1,5
C16H23O4N1,C22H35O7N1,1,5
C13H14O6N2,C19H26O9N2,1,5
C13H18O4N4,C19H30O7N4,1,5
C14H22O3N4,C20H34O6N4,1,5
C13H13O7N1,C19H25O10N1,1,5
C16H13O3N3,C22H25O6N3,1,5
C14H17O6N1,C20H29O9N1,1,5
C15H21O5N1,C21H33O8N1,1,5
C12H16O5N4,C18H28O8N4,1,5
C13H20O4N4,C19H32O7N4,1,5
C12H11O8N1,C18H23O11N1,1,5
C14H19O6N1,C20H31O9N1,1,5
C13H19O5N3,C19H31O8N3,1,5
C15H23O5N1,C21H35O8N1,1,5
C15H14O3N4,C21H26O6N4,1,5
C15H13O4N3,C21H25O7N3,1,5
C15H25O5N1,C21H37O8N1,1,5
C15H12O5N2,C21H24O8N2,1,5
C15H16O3N4,C21H28O6N4,1,5
C14H11O5N3,C20H23O8N3,1,5
C13H11O4N5,C19H23O7N5,1,5
C15H15O4N3,C21H27O7N3,1,5
C14H10O6N2,C20H22O9N2,1,5
C12H14O9,C18H26O12,1,5
C15H14O5N2,C21H26O8N2,1,5
C14H14O4N4,C20H26O7N4,1,5
C15H18O3N4,C21H30O6N4,1,5
C15H13O6N1,C21H25O9N1,1,5
C14H13O5N3,C20H25O8N3,1,5
C15H17O4N3,C21H29O7N3,1,5
C14H12O6N2,C20H24O9N2,1,5
C14H16O4N4,C20H28O7N4,1,5
C12H20O7N2,C18H32O10N2,1,5
C15H20O3N4,C21H32O6N4,1,5
C14H15O5N3,C20H27O8N3,1,5
C13H15O4N5,C19H27O7N5,1,5
C14H14O6N2,C20H26O9N2,1,5
C13H14O5N4,C19H26O8N4,1,5
C14H18O4N4,C20H30O7N4,1,5
C15H22O3N4,C21H34O6N4,1,5
C15H17O6N1,C21H29O9N1,1,5
C14H20O4N4,C20H32O7N4,1,5
C15H24O3N4,C21H36O6N4,1,5
C14H15O7N1,C20H27O10N1,1,5
C17H15O3N3,C23H27O6N3,1,5
C16H23O5N1,C22H35O8N1,1,5
C12H14O6N4,C18H26O9N4,1,5
C13H18O5N4,C19H30O8N4,1,5
C14H22O4N4,C20H34O7N4,1,5
C13H13O8N1,C19H25O11N1,1,5
C16H13O4N3,C22H25O7N3,1,5
C17H17O3N3,C23H29O6N3,1,5
C16H25O5N1,C22H37O8N1,1,5
C16H15O4N3,C22H27O7N3,1,5
C13H19O6N3,C19H31O9N3,1,5
C15H23O6N1,C21H35O9N1,1,5
C16H27O5N1,C22H39O8N1,1,5
C16H14O5N2,C22H26O8N2,1,5
C12H18O6N4,C18H30O9N4,1,5
C16H18O3N4,C22H30O6N4,1,5
C16H13O6N1,C22H25O9N1,1,5
C15H13O5N3,C21H25O8N3,1,5
C14H13O4N5,C20H25O7N5,1,5
C15H12O6N2,C21H24O9N2,1,5
C16H16O5N2,C22H28O8N2,1,5
C15H16O4N4,C21H28O7N4,1,5
C16H20O3N4,C22H32O6N4,1,5
C16H15O6N1,C22H27O9N1,1,5
C15H15O5N3,C21H27O8N3,1,5
C14H15O4N5,C20H27O7N5,1,5
C17H19O5N1,C23H31O8N1,1,5
C16H19O4N3,C22H31O7N3,1,5
C12H14O10,C18H26O13,1,5
C12H18O8N2,C18H30O11N2,1,5
C15H18O4N4,C21H30O7N4,1,5
C13H22O7N2,C19H34O10N2,1,5
C15H17O5N3,C21H29O8N3,1,5
C14H17O4N5,C20H29O7N5,1,5
C14H12O7N2,C20H24O10N2,1,5
C14H16O5N4,C20H28O8N4,1,5
C15H15O7N1,C21H27O10N1,1,5
C14H19O4N5,C20H31O7N5,1,5
C14H18O5N4,C20H30O8N4,1,5
C15H22O4N4,C21H34O7N4,1,5
C16H26O3N4,C22H38O6N4,1,5
C13H16O6N4,C19H28O9N4,1,5
C14H20O5N4,C20H32O8N4,1,5
C17H15O4N3,C23H27O7N3,1,5
C16H23O6N1,C22H35O9N1,1,5
C17H27O5N1,C23H39O8N1,1,5
C13H18O6N4,C19H30O9N4,1,5
C16H13O5N3,C22H25O8N3,1,5
C16H16O4N4,C22H28O7N4,1,5
C13H20O6N4,C19H32O9N4,1,5
C16H15O5N3,C22H27O8N3,1,5
C15H15O4N5,C21H27O7N5,1,5
C16H14O6N2,C22H26O9N2,1,5
C15H14O5N4,C21H26O8N4,1,5
C16H18O4N4,C22H30O7N4,1,5
C17H22O3N4,C23H34O6N4,1,5
C16H17O5N3,C22H29O8N3,1,5
C15H17O4N5,C21H29O7N5,1,5
C15H12O7N2,C21H24O10N2,1,5
C15H16O5N4,C21H28O8N4,1,5
C16H20O4N4,C22H32O7N4,1,5
C14H24O7N2,C20H36O10N2,1,5
C17H24O3N4,C23H36O6N4,1,5
C16H15O7N1,C22H27O10N1,1,5
C15H15O6N3,C21H27O9N3,1,5
C14H15O5N5,C20H27O8N5,1,5
C14H14O6N4,C20H26O9N4,1,5
C16H22O4N4,C22H34O7N4,1,5
C16H17O7N1,C22H29O10N1,1,5
C15H20O5N4,C21H32O8N4,1,5
C17H28O3N4,C23H40O6N4,1,5
C14H19O5N5,C20H31O8N5,1,5
C17H23O6N1,C23H35O9N1,1,5
C18H27O5N1,C24H39O8N1,1,5
C18H18O3N4,C24H30O6N4,1,5
C15H22O5N4,C21H34O8N4,1,5
C16H26O4N4,C22H38O7N4,1,5
C14H17O5N3S1,C20H29O8N3S1,1,5
C13H16O7N4,C19H28O10N4,1,5
C14H20O6N4,C20H32O9N4,1,5
C15H24O5N4,C21H36O8N4,1,5
C17H18O4N4,C23H30O7N4,1,5
C13H17O8N3,C19H29O11N3,1,5
C16H25O7N1,C22H37O10N1,1,5
C16H12O7N2,C22H24O10N2,1,5
C16H16O5N4,C22H28O8N4,1,5
C17H20O4N4,C23H32O7N4,1,5
C16H15O6N3,C22H27O9N3,1,5
C16H19O4N5,C22H31O7N5,1,5
C16H14O7N2,C22H26O10N2,1,5
C13H18O9N2,C19H30O12N2,1,5
C16H18O5N4,C22H30O8N4,1,5
C17H22O4N4,C23H34O7N4,1,5
C16H21O4N5,C22H33O7N5,1,5
C15H12O8N2,C21H24O11N2,1,5
C14H15O6N5,C20H27O9N5,1,5
C15H19O5N5,C21H31O8N5,1,5
C14H14O7N4,C20H26O10N4,1,5
C15H18O6N4,C21H30O9N4,1,5
C18H27O6N1,C24H39O9N1,1,5
C14H18O7N4,C20H30O10N4,1,5
C15H22O6N4,C21H34O9N4,1,5
C16H34O6S1,C22H46O9S1,1,5
C17H16O5N4,C23H28O8N4,1,5
C19H24O3N4,C25H36O6N4,1,5
C17H19O4N5,C23H31O7N5,1,5
C18H14O8,C24H26O11,1,5
C17H18O5N4,C23H30O8N4,1,5
C18H22O4N4,C24H34O7N4,1,5
C17H21O4N5,C23H33O7N5,1,5
C16H16O6N4,C22H28O9N4,1,5
C17H20O5N4,C23H32O8N4,1,5
C18H24O4N4,C24H36O7N4,1,5
C16H14O8N2,C22H26O11N2,1,5
C16H18O6N4,C22H30O9N4,1,5
C15H16O7N4,C21H28O10N4,1,5
C16H23O5N5,C22H35O8N5,1,5
C15H20O7N4,C21H32O10N4,1,5
C18H20O5N4,C24H32O8N4,1,5
C19H24O4N4,C25H36O7N4,1,5
C16H15O6N5,C22H27O9N5,1,5
C18H23O4N5,C24H35O7N5,1,5
C17H18O6N4,C23H30O9N4,1,5
C18H22O5N4,C24H34O8N4,1,5
C19H26O4N4,C25H38O7N4,1,5
C16H17O6N5,C22H29O9N5,1,5
C16H19O6N5,C22H31O9N5,1,5
C17H23O5N5,C23H35O8N5,1,5
C16H18O7N4,C22H30O10N4,1,5
C17H22O6N4,C23H34O9N4,1,5
C19H25O4N5,C25H37O7N5,1,5
C18H20O6N4,C24H32O9N4,1,5
C19H24O5N4,C25H36O8N4,1,5
C18H23O5N5,C24H35O8N5,1,5
C17H18O7N4,C23H30O10N4,1,5
C18H22O6N4,C24H34O9N4,1,5
C17H21O6N5,C23H33O9N5,1,5
C18H25O5N5,C24H37O8N5,1,5
C18H19O6N5,C24H31O9N5,1,5
C19H23O5N5,C25H35O8N5,1,5
C19H25O5N5,C25H37O8N5,1,5
C18H20O7N4,C24H32O10N4,1,5
C19H24O6N4,C25H36O9N4,1,5
C19H27O5N5,C25H39O8N5,1,5
C18H22O7N4,C24H34O10N4,1,5
C29H36O10,C35H48O13,1,5
C7H10O5,C13H18O8,1,6
C9H12O7,C15H20O10,1,6
C8H11O5N1S1,C14H19O8N1S1,1,6
C9H15O6N1,C15H23O9N1,1,6
C10H19O5N1,C16H27O8N1,1,6
C14H19O2N1,C20H27O5N1,1,6
C8H10O6S1,C14H18O9S1,1,6
C9H14O7,C15H22O10,1,6
C12H12O5,C18H20O8,1,6
C9H18O5S1,C15H26O8S1,1,6
C13H21O3N1,C19H29O6N1,1,6
C11H12O6,C17H20O9,1,6
C9H7O7N1,C15H15O10N1,1,6
C12H21O4N1,C18H29O7N1,1,6
C10H12O7,C16H20O10,1,6
C11H19O5N1,C17H27O8N1,1,6
C9H10O8,C15H18O11,1,6
C10H14O7,C16H22O10,1,6
C9H13O5N1S1,C15H21O8N1S1,1,6
C10H17O6N1,C16H25O9N1,1,6
C11H21O5N1,C17H29O8N1,1,6
C10H20O5S1,C16H28O8S1,1,6
C13H21O4N1,C19H29O7N1,1,6
C14H25O3N1,C20H33O6N1,1,6
C11H12O7,C17H20O10,1,6
C12H19O5N1,C18H27O8N1,1,6
C13H23O4N1,C19H31O7N1,1,6
C11H14O7,C17H22O10,1,6
C11H17O6N1,C17H25O9N1,1,6
C12H21O5N1,C18H29O8N1,1,6
C10H12O8,C16H20O11,1,6
C10H15O7N1,C16H23O10N1,1,6
C11H19O6N1,C17H27O9N1,1,6
C12H23O5N1,C18H31O8N1,1,6
C9H10O7S1,C15H18O10S1,1,6
C10H14O8,C16H22O11,1,6
C14H21O4N1,C20H29O7N1,1,6
C15H25O3N1,C21H33O6N1,1,6
C12H15O6N1,C18H23O9N1,1,6
C14H23O4N1,C20H31O7N1,1,6
C15H27O3N1,C21H35O6N1,1,6
C11H13O7N1,C17H21O10N1,1,6
C12H17O6N1,C18H25O9N1,1,6
C16H17O3N1,C22H25O6N1,1,6
C14H25O4N1,C20H33O7N1,1,6
C11H12O8,C17H20O11,1,6
C10H11O6N1S1,C16H19O9N1S1,1,6
C10H11O8N1,C16H19O11N1,1,6
C11H15O7N1,C17H23O10N1,1,6
C15H15O4N1,C21H23O7N1,1,6
C12H19O6N1,C18H27O9N1,1,6
C13H23O5N1,C19H31O8N1,1,6
C11H14O8,C17H22O11,1,6
C11H17O7N1,C17H25O10N1,1,6
C15H17O4N1,C21H25O7N1,1,6
C14H15O5N1,C20H23O8N1,1,6
C10H14O9,C16H22O12,1,6
C14H18O4N2,C20H26O7N2,1,6
C12H13O5N3,C18H21O8N3,1,6
C14H21O3N3,C20H29O6N3,1,6
C12H12O6N2,C18H20O9N2,1,6
C13H16O5N2,C19H24O8N2,1,6
C12H11O7N1,C18H19O10N1,1,6
C13H15O6N1,C19H23O9N1,1,6
C13H19O4N3,C19H27O7N3,1,6
C15H23O4N1,C21H31O7N1,1,6
C12H14O6N2,C18H22O9N2,1,6
C13H18O5N2,C19H26O8N2,1,6
C11H9O6N1S1,C17H17O9N1S1,1,6
C14H21O5N1,C20H29O8N1,1,6
C12H16O6N2,C18H24O9N2,1,6
C11H11O8N1,C17H19O11N1,1,6
C15H11O5N1,C21H19O8N1,1,6
C12H15O7N1,C18H23O10N1,1,6
C15H15O3N3,C21H23O6N3,1,6
C13H19O6N1,C19H27O9N1,1,6
C12H19O5N3,C18H27O8N3,1,6
C14H23O5N1,C20H31O8N1,1,6
C11H13O8N1,C17H21O11N1,1,6
C12H17O7N1,C18H25O10N1,1,6
C15H17O3N3,C21H25O6N3,1,6
C12H21O5N3,C18H29O8N3,1,6
C14H25O5N1,C20H33O8N1,1,6
C11H12O9,C17H20O12,1,6
C14H12O5N2,C20H20O8N2,1,6
C15H16O4N2,C21H24O7N2,1,6
C14H16O3N4,C20H24O6N4,1,6
C14H11O6N1,C20H19O9N1,1,6
C11H15O8N1,C17H23O11N1,1,6
C15H15O5N1,C21H23O8N1,1,6
C14H15O4N3,C20H23O7N3,1,6
C12H19O7N1,C18H27O10N1,1,6
C15H19O3N3,C21H27O6N3,1,6
C16H23O2N3,C22H31O5N3,1,6
C13H10O6N2,C19H18O9N2,1,6
C11H14O9,C17H22O12,1,6
C14H14O5N2,C20H22O8N2,1,6
C14H18O3N4,C20H26O6N4,1,6
C14H13O6N1,C20H21O9N1,1,6
C13H13O5N3,C19H21O8N3,1,6
C15H17O5N1,C21H25O8N1,1,6
C14H17O4N3,C20H25O7N3,1,6
C15H21O3N3,C21H29O6N3,1,6
C13H12O6N2,C19H20O9N2,1,6
C11H16O9,C17H24O12,1,6
C14H16O5N2,C20H24O8N2,1,6
C13H16O4N4,C19H24O7N4,1,6
C14H20O3N4,C20H28O6N4,1,6
C13H11O7N1,C19H19O10N1,1,6
C14H15O6N1,C20H23O9N1,1,6
C13H15O5N3,C19H23O8N3,1,6
C14H19O4N3,C20H27O7N3,1,6
C12H10O7N2,C18H18O10N2,1,6
C13H14O6N2,C19H22O9N2,1,6
C14H18O5N2,C20H26O8N2,1,6
C13H18O4N4,C19H26O7N4,1,6
C14H22O3N4,C20H30O6N4,1,6
C13H13O7N1,C19H21O10N1,1,6
C12H13O6N3,C18H21O9N3,1,6
C14H17O6N1,C20H25O9N1,1,6
C13H17O5N3,C19H25O8N3,1,6
C14H21O4N3,C20H29O7N3,1,6
C12H12O7N2,C18H20O10N2,1,6
C13H16O6N2,C19H24O9N2,1,6
C13H20O4N4,C19H28O7N4,1,6
C12H11O8N1,C18H19O11N1,1,6
C13H15O7N1,C19H23O10N1,1,6
C14H19O6N1,C20H27O9N1,1,6
C13H19O5N3,C19H27O8N3,1,6
C17H19O2N3,C23H27O5N3,1,6
C15H23O5N1,C21H31O8N1,1,6
C16H27O4N1,C22H35O7N1,1,6
C13H18O6N2,C19H26O9N2,1,6
C12H26O6S1,C18H34O9S1,1,6
C12H13O8N1,C18H21O11N1,1,6
C13H17O7N1,C19H25O10N1,1,6
C16H17O3N3,C22H25O6N3,1,6
C14H21O6N1,C20H29O9N1,1,6
C15H25O5N1,C21H33O8N1,1,6
C12H15O8N1,C18H23O11N1,1,6
C15H15O4N3,C21H23O7N3,1,6
C14H23O6N1,C20H31O9N1,1,6
C13H23O5N3,C19H31O8N3,1,6
C15H27O5N1,C21H35O8N1,1,6
C12H14O9,C18H22O12,1,6
C14H14O4N4,C20H22O7N4,1,6
C15H18O3N4,C21H26O6N4,1,6
C15H13O6N1,C21H21O9N1,1,6
C16H17O5N1,C22H25O8N1,1,6
C15H17O4N3,C21H25O7N3,1,6
C14H12O6N2,C20H20O9N2,1,6
C12H16O9,C18H24O12,1,6
C15H16O5N2,C21H24O8N2,1,6
C15H20O3N4,C21H28O6N4,1,6
C13H11O6N3,C19H19O9N3,1,6
C15H15O6N1,C21H23O9N1,1,6
C14H15O5N3,C20H23O8N3,1,6
C13H15O4N5,C19H23O7N5,1,6
C15H19O4N3,C21H27O7N3,1,6
C14H14O6N2,C20H22O9N2,1,6
C12H18O9,C18H26O12,1,6
C13H14O5N4,C19H22O8N4,1,6
C15H18O5N2,C21H26O8N2,1,6
C14H18O4N4,C20H26O7N4,1,6
C15H22O3N4,C21H30O6N4,1,6
C14H13O7N1,C20H21O10N1,1,6
C15H17O6N1,C21H25O9N1,1,6
C14H17O5N3,C20H25O8N3,1,6
C15H21O4N3,C21H29O7N3,1,6
C13H12O7N2,C19H20O10N2,1,6
C14H16O6N2,C20H24O9N2,1,6
C14H20O4N4,C20H28O7N4,1,6
C15H24O3N4,C21H32O6N4,1,6
C14H15O7N1,C20H23O10N1,1,6
C14H19O5N3,C20H27O8N3,1,6
C13H14O7N2,C19H22O10N2,1,6
C14H18O6N2,C20H26O9N2,1,6
C13H18O5N4,C19H26O8N4,1,6
C14H22O4N4,C20H30O7N4,1,6
C13H13O8N1,C19H21O11N1,1,6
C12H13O7N3,C18H21O10N3,1,6
C15H21O6N1,C21H29O9N1,1,6
C13H15O8N1,C19H23O11N1,1,6
C14H19O7N1,C20H27O10N1,1,6
C17H19O3N3,C23H27O6N3,1,6
C16H27O5N1,C22H35O8N1,1,6
C12H18O6N4,C18H26O9N4,1,6
C12H13O9N1,C18H21O12N1,1,6
C16H13O6N1,C22H21O9N1,1,6
C13H17O8N1,C19H25O11N1,1,6
C16H17O4N3,C22H25O7N3,1,6
C17H21O3N3,C23H29O6N3,1,6
C16H29O5N1,C22H37O8N1,1,6
C15H16O4N4,C21H24O7N4,1,6
C12H15O9N1,C18H23O12N1,1,6
C16H15O6N1,C22H23O9N1,1,6
C16H19O4N3,C22H27O7N3,1,6
C12H14O10,C18H22O13,1,6
C16H18O5N2,C22H26O8N2,1,6
C16H22O3N4,C22H30O6N4,1,6
C16H17O6N1,C22H25O9N1,1,6
C15H17O5N3,C21H25O8N3,1,6
C14H17O4N5,C20H25O7N5,1,6
C12H16O10,C18H24O13,1,6
C15H16O6N2,C21H24O9N2,1,6
C14H16O5N4,C20H24O8N4,1,6
C16H20O5N2,C22H28O8N2,1,6
C15H20O4N4,C21H28O7N4,1,6
C15H15O7N1,C21H23O10N1,1,6
C16H19O6N1,C22H27O9N1,1,6
C15H19O5N3,C21H27O8N3,1,6
C14H19O4N5,C20H27O7N5,1,6
C17H23O5N1,C23H31O8N1,1,6
C16H23O4N3,C22H31O7N3,1,6
C14H14O7N2,C20H22O10N2,1,6
C15H22O4N4,C21H30O7N4,1,6
C15H17O7N1,C21H25O10N1,1,6
C15H21O5N3,C21H29O8N3,1,6
C14H16O7N2,C20H24O10N2,1,6
C13H16O6N4,C19H24O9N4,1,6
C14H20O5N4,C20H28O8N4,1,6
C14H15O8N1,C20H23O11N1,1,6
C14H19O4N3S1,C20H27O7N3S1,1,6
C15H19O7N1,C21H27O10N1,1,6
C13H14O8N2,C19H22O11N2,1,6
C14H17O8N1,C20H25O11N1,1,6
C13H20O6N4,C19H28O9N4,1,6
C13H15O9N1,C19H23O12N1,1,6
C17H19O4N3,C23H27O7N3,1,6
C16H17O5N3,C22H25O8N3,1,6
C16H20O4N4,C22H28O7N4,1,6
C16H15O7N1,C22H23O10N1,1,6
C16H19O5N3,C22H27O8N3,1,6
C15H19O4N5,C21H27O7N5,1,6
C16H18O6N2,C22H26O9N2,1,6
C15H18O5N4,C21H26O8N4,1,6
C16H22O4N4,C22H30O7N4,1,6
C17H26O3N4,C23H34O6N4,1,6
C16H17O7N1,C22H25O10N1,1,6
C14H17O5N5,C20H25O8N5,1,6
C16H21O5N3,C22H29O8N3,1,6
C15H21O4N5,C21H29O7N5,1,6
C15H16O7N2,C21H24O10N2,1,6
C15H20O5N4,C21H28O8N4,1,6
C16H24O4N4,C22H32O7N4,1,6
C17H28O3N4,C23H36O6N4,1,6
C16H19O7N1,C22H27O10N1,1,6
C15H19O6N3,C21H27O9N3,1,6
C14H19O5N5,C20H27O8N5,1,6
C14H14O8N2,C20H22O11N2,1,6
C14H18O6N4,C20H26O9N4,1,6
C16H26O4N4,C22H34O7N4,1,6
C15H17O8N1,C21H25O11N1,1,6
C16H21O7N1,C22H29O10N1,1,6
C15H24O5N4,C21H32O8N4,1,6
C14H15O9N1,C20H23O12N1,1,6
C15H19O8N1,C21H27O11N1,1,6
C17H27O6N1,C23H35O9N1,1,6
C18H31O5N1,C24H39O8N1,1,6
C18H22O3N4,C24H30O6N4,1,6
C13H20O7N4,C19H28O10N4,1,6
C14H24O6N4,C20H32O9N4,1,6
C17H15O7N1,C23H23O10N1,1,6
C16H19O4N5,C22H27O7N5,1,6
C17H22O4N4,C23H30O7N4,1,6
C17H17O7N1,C23H25O10N1,1,6
C16H16O7N2,C22H24O10N2,1,6
C16H20O5N4,C22H28O8N4,1,6
C16H28O6S1,C22H36O9S1,1,6
C17H24O4N4,C23H32O7N4,1,6
C16H15O8N1,C22H23O11N1,1,6
C16H19O6N3,C22H27O9N3,1,6
C15H19O5N5,C21H27O8N5,1,6
C15H14O8N2,C21H22O11N2,1,6
C16H18O7N2,C22H26O10N2,1,6
C16H22O5N4,C22H30O8N4,1,6
C17H26O4N4,C23H34O7N4,1,6
C16H17O8N1,C22H25O11N1,1,6
C15H16O8N2,C21H24O11N2,1,6
C14H18O7N4,C20H26O10N4,1,6
C15H22O6N4,C21H30O9N4,1,6
C15H17O9N1,C21H25O12N1,1,6
C18H14O8,C24H22O11,1,6
C17H21O4N5,C23H29O7N5,1,6
C17H20O5N4,C23H28O8N4,1,6
C19H28O3N4,C25H36O6N4,1,6
C17H23O4N5,C23H31O7N5,1,6
C17H22O5N4,C23H30O8N4,1,6
C18H26O4N4,C24H34O7N4,1,6
C17H17O8N1,C23H25O11N1,1,6
C16H16O8N2,C22H24O11N2,1,6
C16H20O6N4,C22H28O9N4,1,6
C17H24O5N4,C23H32O8N4,1,6
C18H28O4N4,C24H36O7N4,1,6
C17H19O8N1,C23H27O11N1,1,6
C15H19O6N5,C21H27O9N5,1,6
C16H18O8N2,C22H26O11N2,1,6
C16H22O6N4,C22H30O9N4,1,6
C15H20O7N4,C21H28O10N4,1,6
C18H25O4N5,C24H33O7N5,1,6
C19H28O4N4,C25H36O7N4,1,6
C16H19O6N5,C22H27O9N5,1,6
C21H19O4N3,C27H27O7N3,1,6
C17H23O5N5,C23H31O8N5,1,6
C17H22O6N4,C23H30O9N4,1,6
C18H26O5N4,C24H34O8N4,1,6
C16H21O6N5,C22H29O9N5,1,6
C16H23O6N5,C22H31O9N5,1,6
C16H22O7N4,C22H30O10N4,1,6
C17H26O6N4,C23H34O9N4,1,6
C18H23O5N5,C24H31O8N5,1,6
C18H24O6N4,C24H32O9N4,1,6
C19H28O5N4,C25H36O8N4,1,6
C17H22O7N4,C23H30O10N4,1,6
C18H26O6N4,C24H34O9N4,1,6
C17H25O6N5,C23H33O9N5,1,6
C18H23O6N5,C24H31O9N5,1,6
C19H27O5N5,C25H35O8N5,1,6
C17H21O7N5,C23H29O10N5,1,6
C19H29O5N5,C25H37O8N5,1,6
C19H28O6N4,C25H36O9N4,1,6
C20H29O5N5,C26H37O8N5,1,6
C29H40O10,C35H48O13,1,6
C8H10O6S1,C11H16O8S1,1,7
C12H12O5,C15H18O7,1,7
C9H18O5S1,C12H24O7S1,1,7
C11H12O6,C14H18O8,1,7
C12H21O4N1,C15H27O6N1,1,7
C11H20O4N2,C14H26O6N2,1,7
C11H19O5N1,C14H25O7N1,1,7
C10H14O7,C13H20O9,1,7
C9H13O5N1S1,C12H19O7N1S1,1,7
C10H20O5S1,C13H26O7S1,1,7
C11H17O4N3,C14H23O6N3,1,7
C11H12O7,C14H18O9,1,7
C13H23O4N1,C16H29O6N1,1,7
C9H10O5N2S1,C12H16O7N2S1,1,7
C11H14O7,C14H20O9,1,7
C11H17O6N1,C14H23O8N1,1,7
C12H21O5N1,C15H27O7N1,1,7
C10H15O7N1,C13H21O9N1,1,7
C9H10O7S1,C12H16O9S1,1,7
C12H19O4N3,C15H25O6N3,1,7
C15H27O3N1,C18H33O5N1,1,7
C12H17O6N1,C15H23O8N1,1,7
C13H21O5N1,C16H27O7N1,1,7
C14H25O4N1,C17H31O6N1,1,7
C11H12O8,C14H18O10,1,7
C12H20O5N2,C15H26O7N2,1,7
C10H11O6N1S1,C13H17O8N1S1,1,7
C12H19O6N1,C15H25O8N1,1,7
C11H19O5N3,C14H25O7N3,1,7
C13H23O5N1,C16H29O7N1,1,7
C11H14O8,C14H20O10,1,7
C11H18O6N2,C14H24O8N2,1,7
C11H17O7N1,C14H23O9N1,1,7
C11H9O6N1S1,C14H15O8N1S1,1,7
C13H21O4N3,C16H27O6N3,1,7
C15H25O4N1,C18H31O6N1,1,7
C11H11O8N1,C14H17O10N1,1,7
C13H19O6N1,C16H25O8N1,1,7
C14H23O5N1,C17H29O7N1,1,7
C12H17O7N1,C15H23O9N1,1,7
C13H21O6N1,C16H27O8N1,1,7
C12H21O5N3,C15H27O7N3,1,7
C17H21O3N1,C20H27O5N1,1,7
C11H12O9,C14H18O11,1,7
C12H20O6N2,C15H26O8N2,1,7
C11H14O9,C14H20O11,1,7
C16H23O4N1,C19H29O6N1,1,7
C14H22O3N4,C17H28O5N4,1,7
C15H23O5N1,C18H29O7N1,1,7
C16H27O4N1,C19H33O6N1,1,7
C14H21O6N1,C17H27O8N1,1,7
C15H25O5N1,C18H31O7N1,1,7
C13H19O7N1,C16H25O9N1,1,7
C12H19O6N3,C15H25O8N3,1,7
C14H23O6N1,C17H29O8N1,1,7
C13H23O5N3,C16H29O7N3,1,7
C15H27O5N1,C18H33O7N1,1,7
C12H14O9,C15H20O11,1,7
C11H17O5N3S1,C14H23O7N3S1,1,7
C12H16O9,C15H22O11,1,7
C15H24O3N4,C18H30O5N4,1,7
C14H15O5N1S1,C17H21O7N1S1,1,7
C16H23O5N1,C19H29O7N1,1,7
C17H27O4N1,C20H33O6N1,1,7
C15H21O6N1,C18H27O8N1,1,7
C16H25O5N1,C19H31O7N1,1,7
C17H29O4N1,C20H35O6N1,1,7
C14H19O7N1,C17H25O9N1,1,7
C15H23O6N1,C18H29O8N1,1,7
C16H27O5N1,C19H33O7N1,1,7
C12H17O5N3S1,C15H23O7N3S1,1,7
C13H17O8N1,C16H23O10N1,1,7
C14H21O7N1,C17H27O9N1,1,7
C13H21O6N3,C16H27O8N3,1,7
C15H25O6N1,C18H31O8N1,1,7
C18H27O2N3,C21H33O4N3,1,7
C12H14O10,C15H20O12,1,7
C17H23O5N1,C20H29O7N1,1,7
C18H27O4N1,C21H33O6N1,1,7
C16H26O3N4,C19H32O5N4,1,7
C15H17O7N1,C18H23O9N1,1,7
C17H25O5N1,C20H31O7N1,1,7
C18H29O4N1,C21H35O6N1,1,7
C14H15O8N1,C17H21O10N1,1,7
C15H19O7N1,C18H25O9N1,1,7
C19H19O4N1,C22H25O6N1,1,7
C17H27O5N1,C20H33O7N1,1,7
C14H17O8N1,C17H23O10N1,1,7
C18H17O5N1,C21H23O7N1,1,7
C15H21O7N1,C18H27O9N1,1,7
C16H25O6N1,C19H31O8N1,1,7
C17H29O5N1,C20H35O7N1,1,7
C13H20O6N4,C16H26O8N4,1,7
C14H19O8N1,C17H25O10N1,1,7
C13H19O7N3,C16H25O9N3,1,7
C18H19O5N1,C21H25O7N1,1,7
C17H17O6N1,C20H23O8N1,1,7
C15H25O7N1,C18H31O9N1,1,7
C17H20O5N2,C20H26O7N2,1,7
C15H15O6N3,C18H21O8N3,1,7
C12H19O6N3S1,C15H25O8N3S1,1,7
C17H23O4N3,C20H29O6N3,1,7
C15H14O7N2,C18H20O9N2,1,7
C16H18O6N2,C19H24O8N2,1,7
C16H17O7N1,C19H23O9N1,1,7
C16H21O5N3,C19H27O7N3,1,7
C18H25O5N1,C21H31O7N1,1,7
C19H29O4N1,C22H35O6N1,1,7
C15H16O7N2,C18H22O9N2,1,7
C16H20O6N2,C19H26O8N2,1,7
C14H19O5N5,C17H25O7N5,1,7
C17H23O6N1,C20H29O8N1,1,7
C15H18O7N2,C18H24O9N2,1,7
C14H18O6N4,C17H24O8N4,1,7
C15H22O5N4,C18H28O7N4,1,7
C15H30O6S1,C18H36O8S1,1,7
C16H26O4N4,C19H32O6N4,1,7
C15H17O8N1,C18H23O10N1,1,7
C18H17O4N3,C21H23O6N3,1,7
C16H21O7N1,C19H27O9N1,1,7
C15H21O6N3,C18H27O8N3,1,7
C17H25O6N1,C20H31O8N1,1,7
C18H29O5N1,C21H35O7N1,1,7
C14H20O6N4,C17H26O8N4,1,7
C18H20O3N4,C21H26O5N4,1,7
C15H24O5N4,C18H30O7N4,1,7
C14H15O9N1,C17H21O11N1,1,7
C15H19O8N1,C18H25O10N1,1,7
C18H19O4N3,C21H25O6N3,1,7
C15H23O6N3,C18H29O8N3,1,7
C17H27O6N1,C20H33O8N1,1,7
C18H31O5N1,C21H37O7N1,1,7
C17H14O6N2,C20H20O8N2,1,7
C18H18O5N2,C21H24O7N2,1,7
C17H18O4N4,C20H24O6N4,1,7
C14H22O6N4,C17H28O8N4,1,7
C18H17O6N1,C21H23O8N1,1,7
C17H17O5N3,C20H23O7N3,1,7
C15H21O8N1,C18H27O10N1,1,7
C18H21O4N3,C21H27O6N3,1,7
C19H25O3N3,C22H31O5N3,1,7
C16H12O7N2,C19H18O9N2,1,7
C17H16O6N2,C20H22O8N2,1,7
C13H20O7N4,C16H26O9N4,1,7
C17H20O4N4,C20H26O6N4,1,7
C14H24O6N4,C17H30O8N4,1,7
C17H15O7N1,C20H21O9N1,1,7
C16H15O6N3,C19H21O8N3,1,7
C18H19O6N1,C21H25O8N1,1,7
C17H19O5N3,C20H25O7N3,1,7
C14H23O5N3S1,C17H29O7N3S1,1,7
C14H23O7N3,C17H29O9N3,1,7
C18H23O4N3,C21H29O6N3,1,7
C16H14O7N2,C19H20O9N2,1,7
C17H18O6N2,C20H24O8N2,1,7
C16H18O5N4,C19H24O7N4,1,7
C17H22O4N4,C20H28O6N4,1,7
C17H17O7N1,C20H23O9N1,1,7
C16H17O6N3,C19H23O8N3,1,7
C17H21O5N3,C20H27O7N3,1,7
C15H12O8N2,C18H18O10N2,1,7
C16H16O7N2,C19H22O9N2,1,7
C17H20O6N2,C20H26O8N2,1,7
C16H20O5N4,C19H26O7N4,1,7
C16H28O6S1,C19H34O8S1,1,7
C17H24O4N4,C20H30O6N4,1,7
C16H15O8N1,C19H21O10N1,1,7
C15H15O7N3,C18H21O9N3,1,7
C17H19O7N1,C20H25O9N1,1,7
C16H19O6N3,C19H25O8N3,1,7
C17H23O5N3,C20H29O7N3,1,7
C15H14O8N2,C18H20O10N2,1,7
C16H18O7N2,C19H24O9N2,1,7
C15H26O7S1,C18H32O9S1,1,7
C16H22O5N4,C19H28O7N4,1,7
C17H26O4N4,C20H32O6N4,1,7
C16H17O8N1,C19H23O10N1,1,7
C17H21O7N1,C20H27O9N1,1,7
C16H21O6N3,C19H27O8N3,1,7
C15H21O5N5,C18H27O7N5,1,7
C20H21O3N3,C23H27O5N3,1,7
C18H25O6N1,C21H31O8N1,1,7
C16H20O7N2,C19H26O9N2,1,7
C16H24O5N4,C19H30O7N4,1,7
C17H28O4N4,C20H34O6N4,1,7
C16H19O8N1,C19H25O10N1,1,7
C19H19O4N3,C22H25O6N3,1,7
C17H23O7N1,C20H29O9N1,1,7
C18H27O6N1,C21H33O8N1,1,7
C15H22O6N4,C18H28O8N4,1,7
C15H17O9N1,C18H23O11N1,1,7
C18H17O5N3,C21H23O7N3,1,7
C17H25O7N1,C20H31O9N1,1,7
C16H25O6N3,C19H31O8N3,1,7
C18H29O6N1,C21H35O8N1,1,7
C17H16O5N4,C20H22O7N4,1,7
C18H20O4N4,C21H26O6N4,1,7
C18H15O7N1,C21H21O9N1,1,7
C19H19O6N1,C22H25O8N1,1,7
C18H19O5N3,C21H25O7N3,1,7
C18H14O8,C21H20O10,1,7
C17H14O7N2,C20H20O9N2,1,7
C18H18O6N2,C21H24O8N2,1,7
C18H22O4N4,C21H28O6N4,1,7
C19H26O3N4,C22H32O5N4,1,7
C16H13O7N3,C19H19O9N3,1,7
C18H17O7N1,C21H23O9N1,1,7
C17H17O6N3,C20H23O8N3,1,7
C18H21O5N3,C21H27O7N3,1,7
C17H21O4N5,C20H27O6N5,1,7
C17H16O7N2,C20H22O9N2,1,7
C16H16O6N4,C19H22O8N4,1,7
C18H20O6N2,C21H26O8N2,1,7
C17H20O5N4,C20H26O7N4,1,7
C18H24O4N4,C21H30O6N4,1,7
C18H19O7N1,C21H25O9N1,1,7
C17H19O6N3,C20H25O8N3,1,7
C18H23O5N3,C21H29O7N3,1,7
C16H14O8N2,C19H20O10N2,1,7
C17H18O7N2,C20H24O9N2,1,7
C17H22O5N4,C20H28O7N4,1,7
C18H26O4N4,C21H32O6N4,1,7
C17H17O8N1,C20H23O10N1,1,7
C17H21O6N3,C20H27O8N3,1,7
C16H21O5N5,C19H27O7N5,1,7
C16H16O8N2,C19H22O10N2,1,7
C17H20O7N2,C20H26O9N2,1,7
C16H20O6N4,C19H26O8N4,1,7
C17H24O5N4,C20H30O7N4,1,7
C18H28O4N4,C21H34O6N4,1,7
C15H15O8N3,C18H21O10N3,1,7
C18H23O7N1,C21H29O9N1,1,7
C16H23O5N5,C19H29O7N5,1,7
C17H26O5N4,C20H32O7N4,1,7
C17H21O8N1,C20H27O10N1,1,7
C20H21O4N3,C23H27O6N3,1,7
C15H20O7N4,C18H26O9N4,1,7
C16H24O6N4,C19H30O8N4,1,7
C19H19O5N3,C22H25O7N3,1,7
C20H23O4N3,C23H29O6N3,1,7
C18H18O5N4,C21H24O7N4,1,7
C19H21O5N3,C22H27O7N3,1,7
C19H20O6N2,C22H26O8N2,1,7
C19H24O4N4,C22H30O6N4,1,7
C19H19O7N1,C22H25O9N1,1,7
C18H19O6N3,C21H25O8N3,1,7
C18H23O4N5,C21H29O6N5,1,7
C18H18O7N2,C21H24O9N2,1,7
C17H18O6N4,C20H24O8N4,1,7
C19H22O6N2,C22H28O8N2,1,7
C18H22O5N4,C21H28O7N4,1,7
C19H26O4N4,C22H32O6N4,1,7
C19H21O7N1,C22H27O9N1,1,7
C18H21O6N3,C21H27O8N3,1,7
C17H21O5N5,C20H27O7N5,1,7
C20H25O6N1,C23H31O8N1,1,7
C19H25O5N3,C22H31O7N3,1,7
C17H16O8N2,C20H22O10N2,1,7
C18H19O8N1,C21H25O10N1,1,7
C16H19O6N5,C19H25O8N5,1,7
C17H23O5N5,C20H29O7N5,1,7
C17H18O8N2,C20H24O10N2,1,7
C16H18O7N4,C19H24O9N4,1,7
C17H22O6N4,C20H28O8N4,1,7
C18H21O8N1,C21H27O10N1,1,7
C17H25O5N5,C20H31O7N5,1,7
C16H16O9N2,C19H22O11N2,1,7
C17H24O6N4,C20H30O8N4,1,7
C18H28O5N4,C21H34O7N4,1,7
C16H23O6N5,C19H29O8N5,1,7
C16H22O7N4,C19H28O9N4,1,7
C17H26O6N4,C20H32O8N4,1,7
C20H21O5N3,C23H27O7N3,1,7
C15H20O8N4,C18H26O10N4,1,7
C17H28O6N4,C20H34O8N4,1,7
C19H19O6N3,C22H25O8N3,1,7
C19H22O5N4,C22H28O7N4,1,7
C19H21O6N3,C22H27O8N3,1,7
C18H21O5N5,C21H27O7N5,1,7
C19H20O7N2,C22H26O9N2,1,7
C18H20O6N4,C21H26O8N4,1,7
C19H24O5N4,C22H30O7N4,1,7
C20H28O4N4,C23H34O6N4,1,7
C17H19O6N5,C20H25O8N5,1,7
C19H23O6N3,C22H29O8N3,1,7
C18H23O5N5,C21H29O7N5,1,7
C18H18O8N2,C21H24O10N2,1,7
C18H22O6N4,C21H28O8N4,1,7
C19H26O5N4,C22H32O7N4,1,7
C20H30O4N4,C23H36O6N4,1,7
C17H21O6N5,C20H27O8N5,1,7
C17H16O9N2,C20H22O11N2,1,7
C17H20O7N4,C20H26O9N4,1,7
C19H28O5N4,C22H34O7N4,1,7
C18H26O6N4,C21H32O8N4,1,7
C17H25O6N5,C20H31O8N5,1,7
C21H24O4N4,C24H30O6N4,1,7
C18H28O6N4,C21H34O8N4,1,7
C16H22O8N4,C19H28O10N4,1,7
C18H30O6N4,C21H36O8N4,1,7
C20H24O5N4,C23H30O7N4,1,7
C20H19O8N1,C23H25O10N1,1,7
C16H23O9N3,C19H29O11N3,1,7
C20H27O4N5,C23H33O6N5,1,7
C19H18O8N2,C22H24O10N2,1,7
C19H22O6N4,C22H28O8N4,1,7
C20H26O5N4,C23H32O7N4,1,7
C19H21O7N3,C22H27O9N3,1,7
C18H21O6N5,C21H27O8N5,1,7
C19H25O5N5,C22H31O7N5,1,7
C19H20O8N2,C22H26O10N2,1,7
C19H24O6N4,C22H30O8N4,1,7
C20H28O5N4,C23H34O7N4,1,7
C19H27O5N5,C22H33O7N5,1,7
C18H18O9N2,C21H24O11N2,1,7
C17H21O7N5,C20H27O9N5,1,7
C18H25O6N5,C21H31O8N5,1,7
C20H23O5N5,C23H29O7N5,1,7
C19H36O12,C22H42O14,1,7
C10H17O3N1,C14H25O7N1,1,8
C10H15O4N1,C14H23O8N1,1,8
C11H17O4N1,C15H25O8N1,1,8
C12H12O5,C16H20O9,1,8
C12H19O2N3,C16H27O6N3,1,8
C10H9O6N1,C14H17O10N1,1,8
C12H17O4N1,C16H25O8N1,1,8
C13H21O3N1,C17H29O7N1,1,8
C11H12O6,C15H20O10,1,8
C11H15O5N1,C15H23O9N1,1,8
C12H19O4N1,C16H27O8N1,1,8
C11H19O3N3,C15H27O7N3,1,8
C11H18O4N2,C15H26O8N2,1,8
C12H21O4N1,C16H29O8N1,1,8
C10H12O7,C14H20O11,1,8
C10H17O6N1,C14H25O10N1,1,8
C15H21O2N1,C19H29O6N1,1,8
C11H7O6N1,C15H15O10N1,1,8
C14H21O3N1,C18H29O7N1,1,8
C13H19O4N1,C17H27O8N1,1,8
C14H23O3N1,C18H31O7N1,1,8
C12H17O5N1,C16H25O9N1,1,8
C11H17O4N3,C15H25O8N3,1,8
C13H21O4N1,C17H29O8N1,1,8
C12H21O3N3,C16H29O7N3,1,8
C14H25O3N1,C18H33O7N1,1,8
C11H12O7,C15H20O11,1,8
C11H14O7,C15H22O11,1,8
C10H15O7N1,C14H23O11N1,1,8
C15H21O3N1,C19H29O7N1,1,8
C14H19O4N1,C18H27O8N1,1,8
C15H23O3N1,C19H31O7N1,1,8
C13H17O5N1,C17H25O9N1,1,8
C14H21O4N1,C18H29O8N1,1,8
C15H25O3N1,C19H33O7N1,1,8
C12H15O6N1,C16H23O10N1,1,8
C13H19O5N1,C17H27O9N1,1,8
C12H19O4N3,C16H27O8N3,1,8
C14H23O4N1,C18H31O8N1,1,8
C14H25O4N1,C18H33O8N1,1,8
C11H12O8,C15H20O12,1,8
C11H17O7N1,C15H25O11N1,1,8
C12H21O6N1,C16H29O10N1,1,8
C16H21O3N1,C20H29O7N1,1,8
C11H20O6N2,C15H28O10N2,1,8
C14H15O5N1,C18H23O9N1,1,8
C16H23O3N1,C20H31O7N1,1,8
C13H13O6N1,C17H21O10N1,1,8
C14H17O5N1,C18H25O9N1,1,8
C13H20O3N4,C17H28O7N4,1,8
C12H11O7N1,C16H19O11N1,1,8
C13H15O6N1,C17H23O10N1,1,8
C14H19O5N1,C18H27O9N1,1,8
C15H23O4N1,C19H31O8N1,1,8
C12H18O4N4,C16H26O8N4,1,8
C13H17O6N1,C17H25O10N1,1,8
C12H17O5N3,C16H25O9N3,1,8
C17H17O3N1,C21H25O7N1,1,8
C13H21O4N3,C17H29O8N3,1,8
C15H25O4N1,C19H33O8N1,1,8
C9H16O8S1,C13H24O12S1,1,8
C16H15O4N1,C20H23O8N1,1,8
C14H23O5N1,C18H31O9N1,1,8
C16H18O3N2,C20H26O7N2,1,8
C14H13O4N3,C18H21O8N3,1,8
C16H21O2N3,C20H29O6N3,1,8
C14H12O5N2,C18H20O9N2,1,8
C15H16O4N2,C19H24O8N2,1,8
C14H11O6N1,C18H19O10N1,1,8
C15H15O5N1,C19H23O9N1,1,8
C15H19O3N3,C19H27O7N3,1,8
C17H23O3N1,C21H31O7N1,1,8
C10H14O6N2S1,C14H22O10N2S1,1,8
C14H14O5N2,C18H22O9N2,1,8
C15H18O4N2,C19H26O8N2,1,8
C16H21O4N1,C20H29O8N1,1,8
C10H16O6N2S1,C14H24O10N2S1,1,8
C14H16O5N2,C18H24O9N2,1,8
C13H16O4N4,C17H24O8N4,1,8
C14H20O3N4,C18H28O7N4,1,8
C13H11O7N1,C17H19O11N1,1,8
C14H15O6N1,C18H23O10N1,1,8
C15H19O5N1,C19H27O9N1,1,8
C14H19O4N3,C18H27O8N3,1,8
C16H23O4N1,C20H31O8N1,1,8
C15H23O3N3,C19H31O7N3,1,8
C13H18O4N4,C17H26O8N4,1,8
C14H22O3N4,C18H30O7N4,1,8
C13H13O7N1,C17H21O11N1,1,8
C14H17O6N1,C18H25O10N1,1,8
C17H17O2N3,C21H25O6N3,1,8
C14H21O4N3,C18H29O8N3,1,8
C16H25O4N1,C20H33O8N1,1,8
C15H25O3N3,C19H33O7N3,1,8
C16H12O4N2,C20H20O8N2,1,8
C17H16O3N2,C21H24O7N2,1,8
C13H20O4N4,C17H28O8N4,1,8
C13H15O7N1,C17H23O11N1,1,8
C16H15O3N3,C20H23O7N3,1,8
C14H19O6N1,C18H27O10N1,1,8
C17H19O2N3,C21H27O6N3,1,8
C16H14O4N2,C20H22O8N2,1,8
C15H13O4N3,C19H21O8N3,1,8
C17H17O4N1,C21H25O8N1,1,8
C16H17O3N3,C20H25O7N3,1,8
C13H21O5N3,C17H29O9N3,1,8
C17H21O2N3,C21H29O6N3,1,8
C15H12O5N2,C19H20O9N2,1,8
C16H16O4N2,C20H24O8N2,1,8
C15H16O3N4,C19H24O7N4,1,8
C16H15O5N1,C20H23O9N1,1,8
C15H15O4N3,C19H23O8N3,1,8
C14H10O6N2,C18H18O10N2,1,8
C15H14O5N2,C19H22O9N2,1,8
C16H18O4N2,C20H26O8N2,1,8
C15H18O3N4,C19H26O7N4,1,8
C15H13O6N1,C19H21O10N1,1,8
C14H13O5N3,C18H21O9N3,1,8
C16H17O5N1,C20H25O9N1,1,8
C15H17O4N3,C19H25O8N3,1,8
C16H21O3N3,C20H29O7N3,1,8
C14H12O6N2,C18H20O10N2,1,8
C15H16O5N2,C19H24O9N2,1,8
C15H20O3N4,C19H28O7N4,1,8
C15H15O6N1,C19H23O10N1,1,8
C16H19O5N1,C20H27O9N1,1,8
C15H19O4N3,C19H27O8N3,1,8
C17H23O4N1,C21H31O8N1,1,8
C15H18O5N2,C19H26O9N2,1,8
C15H22O3N4,C19H30O7N4,1,8
C14H13O7N1,C18H21O11N1,1,8
C15H17O6N1,C19H25O10N1,1,8
C16H21O5N1,C20H29O9N1,1,8
C17H25O4N1,C21H33O8N1,1,8
C14H20O4N4,C18H28O8N4,1,8
C15H24O3N4,C19H32O7N4,1,8
C14H15O7N1,C18H23O11N1,1,8
C17H15O3N3,C21H23O7N3,1,8
C16H23O5N1,C20H31O9N1,1,8
C15H23O4N3,C19H31O8N3,1,8
C17H27O4N1,C21H35O8N1,1,8
C16H14O3N4,C20H22O7N4,1,8
C14H22O4N4,C18H30O8N4,1,8
C17H13O5N1,C21H21O9N1,1,8
C18H17O4N1,C22H25O8N1,1,8
C17H17O3N3,C21H25O7N3,1,8
C17H29O4N1,C21H37O8N1,1,8
C16H12O5N2,C20H20O9N2,1,8
C17H16O4N2,C21H24O8N2,1,8
C17H15O5N1,C21H23O9N1,1,8
C16H15O4N3,C20H23O8N3,1,8
C17H19O3N3,C21H27O7N3,1,8
C16H14O5N2,C20H22O9N2,1,8
C15H14O4N4,C19H22O8N4,1,8
C17H18O4N2,C21H26O8N2,1,8
C16H18O3N4,C20H26O7N4,1,8
C16H13O6N1,C20H21O10N1,1,8
C12H17O5N3S1,C16H25O9N3S1,1,8
C17H17O5N1,C21H25O9N1,1,8
C16H17O4N3,C20H25O8N3,1,8
C17H21O3N3,C21H29O7N3,1,8
C15H12O6N2,C19H20O10N2,1,8
C16H16O5N2,C20H24O9N2,1,8
C16H20O3N4,C20H28O7N4,1,8
C14H24O6N2,C18H32O10N2,1,8
C16H15O6N1,C20H23O10N1,1,8
C16H19O4N3,C20H27O8N3,1,8
C15H14O6N2,C19H22O10N2,1,8
C16H18O5N2,C20H26O9N2,1,8
C15H18O4N4,C19H26O8N4,1,8
C16H22O3N4,C20H30O7N4,1,8
C14H13O6N3,C18H21O10N3,1,8
C17H21O5N1,C21H29O9N1,1,8
C15H15O7N1,C19H23O11N1,1,8
C16H19O6N1,C20H27O10N1,1,8
C18H27O4N1,C22H35O8N1,1,8
C14H18O5N4,C18H26O9N4,1,8
C15H22O4N4,C19H30O8N4,1,8
C16H26O3N4,C20H34O7N4,1,8
C15H17O7N1,C19H25O11N1,1,8
C18H17O3N3,C22H25O7N3,1,8
C19H21O2N3,C23H29O6N3,1,8
C18H29O4N1,C22H37O8N1,1,8
C17H16O3N4,C21H24O7N4,1,8
C14H15O8N1,C18H23O12N1,1,8
C18H15O5N1,C22H23O9N1,1,8
C18H19O3N3,C22H27O7N3,1,8
C15H23O5N3,C19H31O9N3,1,8
C17H27O5N1,C21H35O9N1,1,8
C18H18O4N2,C22H26O8N2,1,8
C18H17O5N1,C22H25O9N1,1,8
C17H17O4N3,C21H25O8N3,1,8
C17H16O5N2,C21H24O9N2,1,8
C16H16O4N4,C20H24O8N4,1,8
C18H20O4N2,C22H28O8N2,1,8
C17H20O3N4,C21H28O7N4,1,8
C17H15O6N1,C21H23O10N1,1,8
C18H19O5N1,C22H27O9N1,1,8
C17H19O4N3,C21H27O8N3,1,8
C19H23O4N1,C23H31O8N1,1,8
C18H23O3N3,C22H31O7N3,1,8
C16H14O6N2,C20H22O10N2,1,8
C14H22O7N2,C18H30O11N2,1,8
C17H22O3N4,C21H30O7N4,1,8
C15H26O6N2,C19H34O10N2,1,8
C17H17O6N1,C21H25O10N1,1,8
C15H17O4N5,C19H25O8N5,1,8
C17H21O4N3,C21H29O8N3,1,8
C16H16O6N2,C20H24O10N2,1,8
C15H16O5N4,C19H24O9N4,1,8
C16H20O4N4,C20H28O8N4,1,8
C16H15O7N1,C20H23O11N1,1,8
C17H19O6N1,C21H27O10N1,1,8
C15H14O7N2,C19H22O11N2,1,8
C16H22O4N4,C20H30O8N4,1,8
C17H26O3N4,C21H34O7N4,1,8
C16H17O7N1,C20H25O11N1,1,8
C15H21O4N5,C19H29O8N5,1,8
C15H20O5N4,C19H28O9N4,1,8
C16H24O4N4,C20H32O8N4,1,8
C19H19O3N3,C23H27O7N3,1,8
C18H27O5N1,C22H35O9N1,1,8
C14H18O6N4,C18H26O10N4,1,8
C15H22O5N4,C19H30O9N4,1,8
C16H26O4N4,C20H34O8N4,1,8
C18H17O4N3,C22H25O8N3,1,8
C18H20O3N4,C22H28O7N4,1,8
C15H24O5N4,C19H32O9N4,1,8
C18H15O6N1,C22H23O10N1,1,8
C18H19O4N3,C22H27O8N3,1,8
C18H18O5N2,C22H26O9N2,1,8
C17H18O4N4,C21H26O8N4,1,8
C18H22O3N4,C22H30O7N4,1,8
C18H17O6N1,C22H25O10N1,1,8
C16H17O4N5,C20H25O8N5,1,8
C18H21O4N3,C22H29O8N3,1,8
C16H29O5N3,C20H37O9N3,1,8
C16H12O7N2,C20H20O11N2,1,8
C17H16O6N2,C21H24O10N2,1,8
C17H20O4N4,C21H28O8N4,1,8
C18H24O3N4,C22H32O7N4,1,8
C16H28O6N2,C20H36O10N2,1,8
C17H15O7N1,C21H23O11N1,1,8
C18H19O6N1,C22H27O10N1,1,8
C17H19O5N3,C21H27O9N3,1,8
C16H19O4N5,C20H27O8N5,1,8
C16H14O7N2,C20H22O11N2,1,8
C16H18O5N4,C20H26O9N4,1,8
C18H26O3N4,C22H34O7N4,1,8
C17H17O7N1,C21H25O11N1,1,8
C18H21O6N1,C22H29O10N1,1,8
C17H24O4N4,C21H32O8N4,1,8
C16H15O8N1,C20H23O12N1,1,8
C17H19O7N1,C21H27O11N1,1,8
C19H27O5N1,C23H35O9N1,1,8
C17H26O4N4,C21H34O8N4,1,8
C16H17O8N1,C20H25O12N1,1,8
C15H20O6N4,C19H28O10N4,1,8
C16H24O5N4,C20H32O9N4,1,8
C17H28O4N4,C21H36O8N4,1,8
C19H22O3N4,C23H30O7N4,1,8
C15H21O7N3,C19H29O11N3,1,8
C18H29O6N1,C22H37O10N1,1,8
C18H16O6N2,C22H24O10N2,1,8
C18H20O4N4,C22H28O8N4,1,8
C19H24O3N4,C23H32O7N4,1,8
C18H15O7N1,C22H23O11N1,1,8
C18H19O5N3,C22H27O9N3,1,8
C17H19O4N5,C21H27O8N5,1,8
C18H14O8,C22H22O12,1,8
C17H14O7N2,C21H22O11N2,1,8
C18H18O6N2,C22H26O10N2,1,8
C15H22O8N2,C19H30O12N2,1,8
C18H22O4N4,C22H30O8N4,1,8
C19H26O3N4,C23H34O7N4,1,8
C17H30O6N2,C21H38O10N2,1,8
C18H17O7N1,C22H25O11N1,1,8
C17H16O7N2,C21H24O11N2,1,8
C16H19O5N5,C20H27O9N5,1,8
C17H23O4N5,C21H31O8N5,1,8
C16H18O6N4,C20H26O10N4,1,8
C17H22O5N4,C21H30O9N4,1,8
C17H17O8N1,C21H25O12N1,1,8
C16H23O5N5,C20H31O9N5,1,8
C16H22O6N4,C20H30O10N4,1,8
C17H26O5N4,C21H34O9N4,1,8
C19H20O4N4,C23H28O8N4,1,8
C19H22O4N4,C23H30O8N4,1,8
C20H26O3N4,C24H34O7N4,1,8
C18H16O7N2,C22H24O11N2,1,8
C18H20O5N4,C22H28O9N4,1,8
C19H24O4N4,C23H32O8N4,1,8
C20H28O3N4,C24H36O7N4,1,8
C19H19O7N1,C23H27O11N1,1,8
C18H18O7N2,C22H26O11N2,1,8
C18H22O5N4,C22H30O9N4,1,8
C17H24O6N4,C21H32O10N4,1,8
C20H24O4N4,C24H32O8N4,1,8
C21H28O3N4,C25H36O7N4,1,8
C19H23O4N5,C23H31O8N5,1,8
C19H22O5N4,C23H30O9N4,1,8
C20H26O4N4,C24H34O8N4,1,8
C18H21O5N5,C22H29O9N5,1,8
C17H19O6N5,C21H27O10N5,1,8
C18H23O5N5,C22H31O9N5,1,8
C18H22O6N4,C22H30O10N4,1,8
C19H26O5N4,C23H34O9N4,1,8
C20H24O5N4,C24H32O9N4,1,8
C21H28O4N4,C25H36O8N4,1,8
C20H27O4N5,C24H35O8N5,1,8
C19H22O6N4,C23H30O10N4,1,8
C20H26O5N4,C24H34O9N4,1,8
C19H25O5N5,C23H33O9N5,1,8
C24H28O6,C28H36O10,1,8
C20H23O5N5,C24H31O9N5,1,8
C21H27O4N5,C25H35O8N5,1,8
C31H40O9,C35H48O13,1,8
C8H11O5N1S1,C12H17O7N1S1,1,9
C10H19O5N1,C14H25O7N1,1,9
C8H10O6S1,C12H16O8S1,1,9
C9H14O7,C13H20O9,1,9
C11H12O6,C15H18O8,1,9
C10H12O7,C14H18O9,1,9
C10H14O7,C14H20O9,1,9
C9H13O5N1S1,C13H19O7N1S1,1,9
C10H17O6N1,C14H23O8N1,1,9
C11H21O5N1,C15H27O7N1,1,9
C11H12O7,C15H18O9,1,9
C11H14O7,C15H20O9,1,9
C11H17O4N1S1,C15H23O6N1S1,1,9
C11H17O6N1,C15H23O8N1,1,9
C12H21O5N1,C16H27O7N1,1,9
C10H12O8,C14H18O10,1,9
C10H15O5N1S1,C14H21O7N1S1,1,9
C11H19O6N1,C15H25O8N1,1,9
C12H23O5N1,C16H29O7N1,1,9
C9H10O7S1,C13H16O9S1,1,9
C10H14O8,C14H20O10,1,9
C14H25O4N1,C18H31O6N1,1,9
C11H12O8,C15H18O10,1,9
C10H11O6N1S1,C14H17O8N1S1,1,9
C10H11O8N1,C14H17O10N1,1,9
C12H19O6N1,C16H25O8N1,1,9
C13H23O5N1,C17H29O7N1,1,9
C11H14O8,C15H20O10,1,9
C11H17O7N1,C15H23O9N1,1,9
C12H21O6N1,C16H27O8N1,1,9
C16H21O3N1,C20H27O5N1,1,9
C11H20O6N2,C15H26O8N2,1,9
C10H14O9,C14H20O11,1,9
C15H23O4N1,C19H29O6N1,1,9
C11H9O6N1S1,C15H15O8N1S1,1,9
C14H23O5N1,C18H29O7N1,1,9
C13H21O6N1,C17H27O8N1,1,9
C14H25O5N1,C18H31O7N1,1,9
C11H12O9,C15H18O11,1,9
C12H19O7N1,C16H25O9N1,1,9
C11H19O6N3,C15H25O8N3,1,9
C11H14O9,C15H20O11,1,9
C11H16O9,C15H22O11,1,9
C9H10O7S2,C13H16O9S2,1,9
C11H18O7S1,C15H24O9S1,1,9
C18H19O3N1,C22H25O5N1,1,9
C15H23O5N1,C19H29O7N1,1,9
C16H27O4N1,C20H33O6N1,1,9
C12H26O6S1,C16H32O8S1,1,9
C14H21O6N1,C18H27O8N1,1,9
C15H25O5N1,C19H31O7N1,1,9
C13H19O7N1,C17H25O9N1,1,9
C14H23O6N1,C18H29O8N1,1,9
C15H27O5N1,C19H33O7N1,1,9
C12H14O9,C16H20O11,1,9
C11H17O5N3S1,C15H23O7N3S1,1,9
C12H17O8N1,C16H23O10N1,1,9
C13H21O7N1,C17H27O9N1,1,9
C12H21O6N3,C16H27O8N3,1,9
C12H16O9,C16H22O11,1,9
C17H27O2N3,C21H33O4N3,1,9
C12H18O9,C16H24O11,1,9
C16H23O5N1,C20H29O7N1,1,9
C17H27O4N1,C21H33O6N1,1,9
C14H17O7N1,C18H23O9N1,1,9
C16H25O5N1,C20H31O7N1,1,9
C17H29O4N1,C21H35O6N1,1,9
C13H15O8N1,C17H21O10N1,1,9
C14H19O7N1,C18H25O9N1,1,9
C18H19O4N1,C22H25O6N1,1,9
C16H27O5N1,C20H33O7N1,1,9
C12H13O9N1,C16H19O11N1,1,9
C13H17O8N1,C17H23O10N1,1,9
C17H17O5N1,C21H23O7N1,1,9
C14H21O7N1,C18H27O9N1,1,9
C15H25O6N1,C19H31O8N1,1,9
C16H29O5N1,C20H35O7N1,1,9
C13H19O8N1,C17H25O10N1,1,9
C12H19O7N3,C16H25O9N3,1,9
C17H19O5N1,C21H25O7N1,1,9
C12H14O10,C16H20O12,1,9
C16H17O6N1,C20H23O8N1,1,9
C12H16O10,C16H22O12,1,9
C16H20O5N2,C20H26O7N2,1,9
C14H15O6N3,C18H21O8N3,1,9
C16H23O4N3,C20H29O6N3,1,9
C14H14O7N2,C18H20O9N2,1,9
C15H18O6N2,C19H24O8N2,1,9
C15H17O7N1,C19H23O9N1,1,9
C15H21O5N3,C19H27O7N3,1,9
C19H21O2N3,C23H27O4N3,1,9
C17H25O5N1,C21H31O7N1,1,9
C18H29O4N1,C22H35O6N1,1,9
C10H16O8N2S1,C14H22O10N2S1,1,9
C14H16O7N2,C18H22O9N2,1,9
C15H20O6N2,C19H26O8N2,1,9
C14H19O4N3S1,C18H25O6N3S1,1,9
C16H23O6N1,C20H29O8N1,1,9
C14H18O7N2,C18H24O9N2,1,9
C13H18O6N4,C17H24O8N4,1,9
C14H17O8N1,C18H23O10N1,1,9
C17H17O4N3,C21H23O6N3,1,9
C15H21O7N1,C19H27O9N1,1,9
C14H21O6N3,C18H27O8N3,1,9
C16H25O6N1,C20H31O8N1,1,9
C15H25O5N3,C19H31O7N3,1,9
C17H29O5N1,C21H35O7N1,1,9
C13H20O6N4,C17H26O8N4,1,9
C17H20O3N4,C21H26O5N4,1,9
C13H15O9N1,C17H21O11N1,1,9
C14H19O8N1,C18H25O10N1,1,9
C17H19O4N3,C21H25O6N3,1,9
C16H14O6N2,C20H20O8N2,1,9
C17H18O5N2,C21H24O7N2,1,9
C16H18O4N4,C20H24O6N4,1,9
C13H17O9N1,C17H23O11N1,1,9
C17H17O6N1,C21H23O8N1,1,9
C16H17O5N3,C20H23O7N3,1,9
C14H21O8N1,C18H27O10N1,1,9
C17H21O4N3,C21H27O6N3,1,9
C18H25O3N3,C22H31O5N3,1,9
C15H12O7N2,C19H18O9N2,1,9
C16H16O6N2,C20H22O8N2,1,9
C16H20O4N4,C20H26O6N4,1,9
C16H15O7N1,C20H21O9N1,1,9
C15H15O6N3,C19H21O8N3,1,9
C17H19O6N1,C21H25O8N1,1,9
C16H19O5N3,C20H25O7N3,1,9
C17H23O4N3,C21H29O6N3,1,9
C15H14O7N2,C19H20O9N2,1,9
C16H18O6N2,C20H24O8N2,1,9
C15H18O5N4,C19H24O7N4,1,9
C16H22O4N4,C20H28O6N4,1,9
C16H17O7N1,C20H23O9N1,1,9
C15H17O6N3,C19H23O8N3,1,9
C16H21O5N3,C20H27O7N3,1,9
C15H16O7N2,C19H22O9N2,1,9
C16H20O6N2,C20H26O8N2,1,9
C15H20O5N4,C19H26O7N4,1,9
C16H24O4N4,C20H30O6N4,1,9
C14H15O7N3,C18H21O9N3,1,9
C16H19O7N1,C20H25O9N1,1,9
C15H19O6N3,C19H25O8N3,1,9
C16H23O5N3,C20H29O7N3,1,9
C14H14O8N2,C18H20O10N2,1,9
C15H18O7N2,C19H24O9N2,1,9
C15H22O5N4,C19H28O7N4,1,9
C15H30O6S1,C19H36O8S1,1,9
C16H26O4N4,C20H32O6N4,1,9
C15H17O8N1,C19H23O10N1,1,9
C16H21O7N1,C20H27O9N1,1,9
C15H21O6N3,C19H27O8N3,1,9
C19H21O3N3,C23H27O5N3,1,9
C17H25O6N1,C21H31O8N1,1,9
C18H29O5N1,C22H35O7N1,1,9
C15H20O7N2,C19H26O9N2,1,9
C15H24O5N4,C19H30O7N4,1,9
C14H15O9N1,C18H21O11N1,1,9
C15H19O8N1,C19H25O10N1,1,9
C18H19O4N3,C22H25O6N3,1,9
C16H23O7N1,C20H29O9N1,1,9
C17H27O6N1,C21H33O8N1,1,9
C14H22O6N4,C18H28O8N4,1,9
C17H17O5N3,C21H23O7N3,1,9
C16H25O7N1,C20H31O9N1,1,9
C16H16O5N4,C20H22O7N4,1,9
C17H20O4N4,C21H26O6N4,1,9
C14H24O6N4,C18H30O8N4,1,9
C17H15O7N1,C21H21O9N1,1,9
C18H19O6N1,C22H25O8N1,1,9
C17H19O5N3,C21H25O7N3,1,9
C16H14O7N2,C20H20O9N2,1,9
C17H18O6N2,C21H24O8N2,1,9
C17H22O4N4,C21H28O6N4,1,9
C18H26O3N4,C22H32O5N4,1,9
C15H13O7N3,C19H19O9N3,1,9
C17H17O7N1,C21H23O9N1,1,9
C16H17O6N3,C20H23O8N3,1,9
C15H17O5N5,C19H23O7N5,1,9
C17H21O5N3,C21H27O7N3,1,9
C16H21O4N5,C20H27O6N5,1,9
C16H16O7N2,C20H22O9N2,1,9
C15H16O6N4,C19H22O8N4,1,9
C17H20O6N2,C21H26O8N2,1,9
C16H20O5N4,C20H26O7N4,1,9
C16H28O6S1,C20H34O8S1,1,9
C17H24O4N4,C21H30O6N4,1,9
C16H15O8N1,C20H21O10N1,1,9
C12H19O7N3S1,C16H25O9N3S1,1,9
C17H19O7N1,C21H25O9N1,1,9
C16H19O6N3,C20H25O8N3,1,9
C17H23O5N3,C21H29O7N3,1,9
C15H14O8N2,C19H20O10N2,1,9
C16H18O7N2,C20H24O9N2,1,9
C15H26O7S1,C19H32O9S1,1,9
C16H22O5N4,C20H28O7N4,1,9
C17H26O4N4,C21H32O6N4,1,9
C16H17O8N1,C20H23O10N1,1,9
C16H21O6N3,C20H27O8N3,1,9
C15H21O5N5,C19H27O7N5,1,9
C15H16O8N2,C19H22O10N2,1,9
C16H20O7N2,C20H26O9N2,1,9
C15H20O6N4,C19H26O8N4,1,9
C16H24O5N4,C20H30O7N4,1,9
C17H28O4N4,C21H34O6N4,1,9
C14H15O8N3,C18H21O10N3,1,9
C15H19O5N3S1,C19H25O7N3S1,1,9
C17H23O7N1,C21H29O9N1,1,9
C15H17O9N1,C19H23O11N1,1,9
C15H21O5N3S1,C19H27O7N3S1,1,9
C16H21O8N1,C20H27O10N1,1,9
C19H21O4N3,C23H27O6N3,1,9
C18H29O6N1,C22H35O8N1,1,9
C14H20O7N4,C18H26O9N4,1,9
C18H15O7N1,C22H21O9N1,1,9
C15H19O9N1,C19H25O11N1,1,9
C18H19O5N3,C22H25O7N3,1,9
C19H23O4N3,C23H29O6N3,1,9
C18H14O8,C22H20O10,1,9
C17H18O5N4,C21H24O7N4,1,9
C18H17O7N1,C22H23O9N1,1,9
C18H21O5N3,C22H27O7N3,1,9
C18H20O6N2,C22H26O8N2,1,9
C18H24O4N4,C22H30O6N4,1,9
C18H19O7N1,C22H25O9N1,1,9
C17H19O6N3,C21H25O8N3,1,9
C16H19O5N5,C20H25O7N5,1,9
C17H23O4N5,C21H29O6N5,1,9
C17H18O7N2,C21H24O9N2,1,9
C16H18O6N4,C20H24O8N4,1,9
C18H22O6N2,C22H28O8N2,1,9
C17H22O5N4,C21H28O7N4,1,9
C18H26O4N4,C22H32O6N4,1,9
C17H17O8N1,C21H23O10N1,1,9
C18H21O7N1,C22H27O9N1,1,9
C17H21O6N3,C21H27O8N3,1,9
C16H21O5N5,C20H27O7N5,1,9
C19H25O6N1,C23H31O8N1,1,9
C18H25O5N3,C22H31O7N3,1,9
C16H16O8N2,C20H22O10N2,1,9
C17H24O5N4,C21H30O7N4,1,9
C17H19O8N1,C21H25O10N1,1,9
C15H19O6N5,C19H25O8N5,1,9
C17H23O6N3,C21H29O8N3,1,9
C16H23O5N5,C20H29O7N5,1,9
C16H18O8N2,C20H24O10N2,1,9
C15H18O7N4,C19H24O9N4,1,9
C16H22O6N4,C20H28O8N4,1,9
C17H21O8N1,C21H27O10N1,1,9
C15H16O9N2,C19H22O11N2,1,9
C15H28O8S1,C19H34O10S1,1,9
C16H24O6N4,C20H30O8N4,1,9
C16H32O7S1,C20H38O9S1,1,9
C15H22O7N4,C19H28O9N4,1,9
C19H21O5N3,C23H27O7N3,1,9
C14H20O8N4,C18H26O10N4,1,9
C18H19O6N3,C22H25O8N3,1,9
C18H22O5N4,C22H28O7N4,1,9
C18H21O6N3,C22H27O8N3,1,9
C17H21O5N5,C21H27O7N5,1,9
C18H20O7N2,C22H26O9N2,1,9
C18H32O6S1,C22H38O8S1,1,9
C19H28O4N4,C23H34O6N4,1,9
C18H19O8N1,C22H25O10N1,1,9
C16H19O6N5,C20H25O8N5,1,9
C17H23O5N5,C21H29O7N5,1,9
C17H18O8N2,C21H24O10N2,1,9
C18H22O5N2S1,C22H28O7N2S1,1,9
C17H22O6N4,C21H28O8N4,1,9
C18H26O5N4,C22H32O7N4,1,9
C18H21O8N1,C22H27O10N1,1,9
C17H21O7N3,C21H27O9N3,1,9
C16H21O6N5,C20H27O8N5,1,9
C16H16O9N2,C20H22O11N2,1,9
C16H20O7N4,C20H26O9N4,1,9
C18H28O5N4,C22H34O7N4,1,9
C18H23O8N1,C22H29O10N1,1,9
C17H26O6N4,C21H32O8N4,1,9
C20H24O4N4,C24H30O6N4,1,9
C17H28O6N4,C21H34O8N4,1,9
C16H23O6N3S1,C20H29O8N3S1,1,9
C15H22O8N4,C19H28O10N4,1,9
C18H21O5N5,C22H27O7N5,1,9
C19H25O4N5,C23H31O6N5,1,9
C19H24O5N4,C23H30O7N4,1,9
C18H18O8N2,C22H24O10N2,1,9
C18H22O6N4,C22H28O8N4,1,9
C19H26O5N4,C23H32O7N4,1,9
C17H21O6N5,C21H27O8N5,1,9
C18H25O5N5,C22H31O7N5,1,9
C17H16O9N2,C21H22O11N2,1,9
C18H20O8N2,C22H26O10N2,1,9
C18H24O6N4,C22H30O8N4,1,9
C19H28O5N4,C23H34O7N4,1,9
C17H18O9N2,C21H24O11N2,1,9
C16H21O7N5,C20H27O9N5,1,9
C17H25O6N5,C21H31O8N5,1,9
C16H20O8N4,C20H26O10N4,1,9
C17H24O7N4,C21H30O9N4,1,9
C16H24O8N4,C20H30O10N4,1,9
C22H27O2N1S2,C26H33O4N1S2,1,9
C19H23O5N5,C23H29O7N5,1,9
C19H22O6N4,C23H28O8N4,1,9
C21H30O4N4,C25H36O6N4,1,9
C19H25O5N5,C23H31O7N5,1,9
C19H24O6N4,C23H30O8N4,1,9
C20H28O5N4,C24H34O7N4,1,9
C19H27O5N5,C23H33O7N5,1,9
C18H18O9N2,C22H24O11N2,1,9
C18H22O7N4,C22H28O9N4,1,9
C19H26O6N4,C23H32O8N4,1,9
C20H30O5N4,C24H36O7N4,1,9
C17H21O7N5,C21H27O9N5,1,9
C20H29O5N5,C24H35O7N5,1,9
C17H21O8N5,C21H27O10N5,1,9
C33H48O6S2,C37H54O8S2,1,9
C9H15O4N1,C14H23O8N1,1,10
C8H13O5N1,C13H21O9N1,1,10
C10H15O4N1,C15H23O8N1,1,10
C11H17O4N1,C16H25O8N1,1,10
C9H12O7,C14H20O11,1,10
C12H12O5,C17H20O9,1,10
C13H21O3N1,C18H29O7N1,1,10
C11H12O6,C16H20O10,1,10
C12H19O4N1,C17H27O8N1,1,10
C13H23O3N1,C18H31O7N1,1,10
C11H17O5N1,C16H25O9N1,1,10
C12H21O4N1,C17H29O8N1,1,10
C10H12O7,C15H20O11,1,10
C10H14O7,C15H22O11,1,10
C14H21O3N1,C19H29O7N1,1,10
C13H19O4N1,C18H27O8N1,1,10
C14H23O3N1,C19H31O7N1,1,10
C10H9O7N1,C15H17O11N1,1,10
C12H17O5N1,C17H25O9N1,1,10
C13H21O4N1,C18H29O8N1,1,10
C14H25O3N1,C19H33O7N1,1,10
C11H12O7,C16H20O11,1,10
C11H15O6N1,C16H23O10N1,1,10
C12H19O5N1,C17H27O9N1,1,10
C13H23O4N1,C18H31O8N1,1,10
C11H14O7,C16H22O11,1,10
C10H12O8,C15H20O12,1,10
C9H10O7S1,C14H18O11S1,1,10
C15H21O3N1,C20H29O7N1,1,10
C13H15O5N1,C18H23O9N1,1,10
C15H23O3N1,C20H31O7N1,1,10
C12H13O6N1,C17H21O10N1,1,10
C13H17O5N1,C18H25O9N1,1,10
C15H25O3N1,C20H33O7N1,1,10
C11H11O7N1,C16H19O11N1,1,10
C12H15O6N1,C17H23O10N1,1,10
C16H15O3N1,C21H23O7N1,1,10
C13H19O5N1,C18H27O9N1,1,10
C14H23O4N1,C19H31O8N1,1,10
C15H27O3N1,C20H35O7N1,1,10
C12H17O6N1,C17H25O10N1,1,10
C11H17O5N3,C16H25O9N3,1,10
C16H17O3N1,C21H25O7N1,1,10
C14H25O4N1,C19H33O8N1,1,10
C11H12O8,C16H20O12,1,10
C15H15O4N1,C20H23O8N1,1,10
C13H23O5N1,C18H31O9N1,1,10
C11H14O8,C16H22O12,1,10
C15H18O3N2,C20H26O7N2,1,10
C13H13O4N3,C18H21O8N3,1,10
C15H21O2N3,C20H29O6N3,1,10
C13H12O5N2,C18H20O9N2,1,10
C14H16O4N2,C19H24O8N2,1,10
C13H11O6N1,C18H19O10N1,1,10
C14H15O5N1,C19H23O9N1,1,10
C14H19O3N3,C19H27O7N3,1,10
C16H23O3N1,C21H31O7N1,1,10
C9H14O6N2S1,C14H22O10N2S1,1,10
C13H14O5N2,C18H22O9N2,1,10
C14H18O4N2,C19H26O8N2,1,10
C15H21O4N1,C20H29O8N1,1,10
C9H16O6N2S1,C14H24O10N2S1,1,10
C13H16O5N2,C18H24O9N2,1,10
C12H16O4N4,C17H24O8N4,1,10
C13H20O3N4,C18H28O7N4,1,10
C12H11O7N1,C17H19O11N1,1,10
C13H15O6N1,C18H23O10N1,1,10
C16H15O2N3,C21H23O6N3,1,10
C14H19O5N1,C19H27O9N1,1,10
C13H19O4N3,C18H27O8N3,1,10
C15H23O4N1,C20H31O8N1,1,10
C14H23O3N3,C19H31O7N3,1,10
C12H18O4N4,C17H26O8N4,1,10
C12H13O7N1,C17H21O11N1,1,10
C13H17O6N1,C18H25O10N1,1,10
C16H17O2N3,C21H25O6N3,1,10
C13H21O4N3,C18H29O8N3,1,10
C15H25O4N1,C20H33O8N1,1,10
C14H25O3N3,C19H33O7N3,1,10
C15H12O4N2,C20H20O8N2,1,10
C16H16O3N2,C21H24O7N2,1,10
C15H11O5N1,C20H19O9N1,1,10
C12H15O7N1,C17H23O11N1,1,10
C16H15O4N1,C21H23O8N1,1,10
C15H15O3N3,C20H23O7N3,1,10
C13H19O6N1,C18H27O10N1,1,10
C16H19O2N3,C21H27O6N3,1,10
C14H10O5N2,C19H18O9N2,1,10
C15H14O4N2,C20H22O8N2,1,10
C15H13O5N1,C20H21O9N1,1,10
C14H13O4N3,C19H21O8N3,1,10
C16H17O4N1,C21H25O8N1,1,10
C15H17O3N3,C20H25O7N3,1,10
C12H21O5N3,C17H29O9N3,1,10
C16H21O2N3,C21H29O6N3,1,10
C11H12O9,C16H20O13,1,10
C14H12O5N2,C19H20O9N2,1,10
C15H16O4N2,C20H24O8N2,1,10
C14H16O3N4,C19H24O7N4,1,10
C14H11O6N1,C19H19O10N1,1,10
C15H15O5N1,C20H23O9N1,1,10
C14H15O4N3,C19H23O8N3,1,10
C15H19O3N3,C20H27O7N3,1,10
C13H10O6N2,C18H18O10N2,1,10
C14H14O5N2,C19H22O9N2,1,10
C15H18O4N2,C20H26O8N2,1,10
C14H18O3N4,C19H26O7N4,1,10
C14H13O6N1,C19H21O10N1,1,10
C13H13O5N3,C18H21O9N3,1,10
C15H17O5N1,C20H25O9N1,1,10
C14H17O4N3,C19H25O8N3,1,10
C15H21O3N3,C20H29O7N3,1,10
C13H12O6N2,C18H20O10N2,1,10
C14H16O5N2,C19H24O9N2,1,10
C14H20O3N4,C19H28O7N4,1,10
C13H11O7N1,C18H19O11N1,1,10
C14H15O6N1,C19H23O10N1,1,10
C15H19O5N1,C20H27O9N1,1,10
C14H19O4N3,C19H27O8N3,1,10
C16H23O4N1,C21H31O8N1,1,10
C14H18O5N2,C19H26O9N2,1,10
C14H22O3N4,C19H30O7N4,1,10
C13H13O7N1,C18H21O11N1,1,10
C14H17O6N1,C19H25O10N1,1,10
C17H17O2N3,C22H25O6N3,1,10
C15H21O5N1,C20H29O9N1,1,10
C16H25O4N1,C21H33O8N1,1,10
C13H20O4N4,C18H28O8N4,1,10
C12H11O8N1,C17H19O12N1,1,10
C13H15O7N1,C18H23O11N1,1,10
C16H15O3N3,C21H23O7N3,1,10
C15H23O5N1,C20H31O9N1,1,10
C14H23O4N3,C19H31O8N3,1,10
C16H27O4N1,C21H35O8N1,1,10
C15H14O3N4,C20H22O7N4,1,10
C17H17O4N1,C22H25O8N1,1,10
C16H17O3N3,C21H25O7N3,1,10
C15H12O5N2,C20H20O9N2,1,10
C16H16O4N2,C21H24O8N2,1,10
C14H11O5N3,C19H19O9N3,1,10
C16H15O5N1,C21H23O9N1,1,10
C15H15O4N3,C20H23O8N3,1,10
C12H14O9,C17H22O13,1,10
C15H14O5N2,C20H22O9N2,1,10
C14H14O4N4,C19H22O8N4,1,10
C16H18O4N2,C21H26O8N2,1,10
C15H18O3N4,C20H26O7N4,1,10
C15H13O6N1,C20H21O10N1,1,10
C11H17O5N3S1,C16H25O9N3S1,1,10
C16H17O5N1,C21H25O9N1,1,10
C15H17O4N3,C20H25O8N3,1,10
C16H21O3N3,C21H29O7N3,1,10
C14H12O6N2,C19H20O10N2,1,10
C12H16O9,C17H24O13,1,10
C15H16O5N2,C20H24O9N2,1,10
C15H20O3N4,C20H28O7N4,1,10
C15H15O6N1,C20H23O10N1,1,10
C15H19O4N3,C20H27O8N3,1,10
C14H14O6N2,C19H22O10N2,1,10
C15H18O5N2,C20H26O9N2,1,10
C14H18O4N4,C19H26O8N4,1,10
C15H22O3N4,C20H30O7N4,1,10
C14H13O7N1,C19H21O11N1,1,10
C13H13O6N3,C18H21O10N3,1,10
C16H21O5N1,C21H29O9N1,1,10
C15H24O3N4,C20H32O7N4,1,10
C14H15O7N1,C19H23O11N1,1,10
C15H19O6N1,C20H27O10N1,1,10
C18H19O2N3,C23H27O6N3,1,10
C17H27O4N1,C22H35O8N1,1,10
C13H18O5N4,C18H26O9N4,1,10
C14H22O4N4,C19H30O8N4,1,10
C13H13O8N1,C18H21O12N1,1,10
C17H13O5N1,C22H21O9N1,1,10
C14H17O7N1,C19H25O11N1,1,10
C17H17O3N3,C22H25O7N3,1,10
C18H21O2N3,C23H29O6N3,1,10
C17H29O4N1,C22H37O8N1,1,10
C16H16O3N4,C21H24O7N4,1,10
C13H15O8N1,C18H23O12N1,1,10
C17H15O5N1,C22H23O9N1,1,10
C17H19O3N3,C22H27O7N3,1,10
C14H23O5N3,C19H31O9N3,1,10
C16H27O5N1,C21H35O9N1,1,10
C17H18O4N2,C22H26O8N2,1,10
C16H13O6N1,C21H21O10N1,1,10
C17H17O5N1,C22H25O9N1,1,10
C16H17O4N3,C21H25O8N3,1,10
C16H16O5N2,C21H24O9N2,1,10
C15H16O4N4,C20H24O8N4,1,10
C17H20O4N2,C22H28O8N2,1,10
C16H20O3N4,C21H28O7N4,1,10
C16H15O6N1,C21H23O10N1,1,10
C17H19O5N1,C22H27O9N1,1,10
C16H19O4N3,C21H27O8N3,1,10
C18H23O4N1,C23H31O8N1,1,10
C17H23O3N3,C22H31O7N3,1,10
C15H14O6N2,C20H22O10N2,1,10
C13H22O7N2,C18H30O11N2,1,10
C16H22O3N4,C21H30O7N4,1,10
C16H17O6N1,C21H25O10N1,1,10
C14H17O4N5,C19H25O8N5,1,10
C16H21O4N3,C21H29O8N3,1,10
C15H16O6N2,C20H24O10N2,1,10
C14H16O5N4,C19H24O9N4,1,10
C15H20O4N4,C20H28O8N4,1,10
C16H32O2S2,C21H40O6S2,1,10
C15H15O7N1,C20H23O11N1,1,10
C16H19O6N1,C21H27O10N1,1,10
C14H14O7N2,C19H22O11N2,1,10
C15H22O4N4,C20H30O8N4,1,10
C16H26O3N4,C21H34O7N4,1,10
C15H17O7N1,C20H25O11N1,1,10
C10H16O8N2S1,C15H24O12N2S1,1,10
C14H20O5N4,C19H28O9N4,1,10
C15H24O4N4,C20H32O8N4,1,10
C14H15O8N1,C19H23O12N1,1,10
C18H19O3N3,C23H27O7N3,1,10
C17H27O5N1,C22H35O9N1,1,10
C13H18O6N4,C18H26O10N4,1,10
C17H17O4N3,C22H25O8N3,1,10
C17H20O3N4,C22H28O7N4,1,10
C17H15O6N1,C22H23O10N1,1,10
C17H19O4N3,C22H27O8N3,1,10
C17H18O5N2,C22H26O9N2,1,10
C16H18O4N4,C21H26O8N4,1,10
C17H22O3N4,C22H30O7N4,1,10
C17H17O6N1,C22H25O10N1,1,10
C15H17O4N5,C20H25O8N5,1,10
C17H21O4N3,C22H29O8N3,1,10
C15H12O7N2,C20H20O11N2,1,10
C16H16O6N2,C21H24O10N2,1,10
C16H20O4N4,C21H28O8N4,1,10
C17H24O3N4,C22H32O7N4,1,10
C16H15O7N1,C21H23O11N1,1,10
C17H19O6N1,C22H27O10N1,1,10
C16H19O5N3,C21H27O9N3,1,10
C15H19O4N5,C20H27O8N5,1,10
C15H14O7N2,C20H22O11N2,1,10
C15H18O5N4,C20H26O9N4,1,10
C17H26O3N4,C22H34O7N4,1,10
C16H17O7N1,C21H25O11N1,1,10
C17H21O6N1,C22H29O10N1,1,10
C16H24O4N4,C21H32O8N4,1,10
C16H19O7N1,C21H27O11N1,1,10
C18H27O5N1,C23H35O9N1,1,10
C16H26O4N4,C21H34O8N4,1,10
C15H17O8N1,C20H25O12N1,1,10
C14H20O6N4,C19H28O10N4,1,10
C15H24O5N4,C20H32O9N4,1,10
C18H15O6N1,C23H23O10N1,1,10
C18H22O3N4,C23H30O7N4,1,10
C18H17O6N1,C23H25O10N1,1,10
C14H21O7N3,C19H29O11N3,1,10
C17H16O6N2,C22H24O10N2,1,10
C17H20O4N4,C22H28O8N4,1,10
C18H24O3N4,C23H32O7N4,1,10
C17H15O7N1,C22H23O11N1,1,10
C17H19O5N3,C22H27O9N3,1,10
C16H19O4N5,C21H27O8N5,1,10
C16H14O7N2,C21H22O11N2,1,10
C17H18O6N2,C22H26O10N2,1,10
C14H22O8N2,C19H30O12N2,1,10
C17H22O4N4,C22H30O8N4,1,10
C18H26O3N4,C23H34O7N4,1,10
C17H17O7N1,C22H25O11N1,1,10
C16H16O7N2,C21H24O11N2,1,10
C16H15O8N1,C21H23O12N1,1,10
C15H19O5N5,C20H27O9N5,1,10
C15H18O6N4,C20H26O10N4,1,10
C16H22O5N4,C21H30O9N4,1,10
C16H17O8N1,C21H25O12N1,1,10
C19H31O5N1,C24H39O9N1,1,10
C15H22O6N4,C20H30O10N4,1,10
C18H20O4N4,C23H28O8N4,1,10
C18H14O8,C23H22O12,1,10
C18H22O4N4,C23H30O8N4,1,10
C19H26O3N4,C24H34O7N4,1,10
C18H17O7N1,C23H25O11N1,1,10
C17H16O7N2,C22H24O11N2,1,10
C17H20O5N4,C22H28O9N4,1,10
C18H24O4N4,C23H32O8N4,1,10
C19H28O3N4,C24H36O7N4,1,10
C18H19O7N1,C23H27O11N1,1,10
C16H19O5N5,C21H27O9N5,1,10
C17H18O7N2,C22H26O11N2,1,10
C17H22O5N4,C22H30O9N4,1,10
C17H17O8N1,C22H25O12N1,1,10
C16H20O6N4,C21H28O10N4,1,10
C16H24O6N4,C21H32O10N4,1,10
C19H24O4N4,C24H32O8N4,1,10
C20H28O3N4,C25H36O7N4,1,10
C18H23O4N5,C23H31O8N5,1,10
C18H22O5N4,C23H30O9N4,1,10
C19H26O4N4,C24H34O8N4,1,10
C17H21O5N5,C22H29O9N5,1,10
C16H19O6N5,C21H27O10N5,1,10
C17H23O5N5,C22H31O9N5,1,10
C17H22O6N4,C22H30O10N4,1,10
C18H26O5N4,C23H34O9N4,1,10
C19H23O4N5,C24H31O8N5,1,10
C19H24O5N4,C24H32O9N4,1,10
C20H28O4N4,C25H36O8N4,1,10
C18H22O6N4,C23H30O10N4,1,10
C19H26O5N4,C24H34O9N4,1,10
C18H25O5N5,C23H33O9N5,1,10
C19H23O5N5,C24H31O9N5,1,10
C20H27O4N5,C25H35O8N5,1,10
C18H21O6N5,C23H29O10N5,1,10
C19H24O6N4,C24H32O10N4,1,10
C20H28O5N4,C25H36O9N4,1,10
C19H26O6N4,C24H34O10N4,1,10
C21H31O12N3,C26H39O16N3,1,10
